t,iL,vC,switch_state
0.0150005,1.6913634122702013,23.085430461113173,1
0.0150015,1.8096129143473525,23.065016233574752,1
0.015002499999999998,1.9277442260274047,23.044620058144226,1
0.015003499999999998,2.045757465441679,23.024241918858294,1
0.015004499999999997,2.1636527506034255,23.003881799767765,1
0.015005499999999996,2.1670839096558323,23.11417903599587,0
0.015006499999999996,2.048535128194691,23.132560268966035,0
0.015007499999999995,1.9299495068879025,23.148407015702958,0
0.015008499999999994,1.8113533704087907,23.161722327837637,0
0.015009499999999993,1.6927731072892587,23.1725098168236,0
0.015010499999999993,1.6913634095626902,23.085430540563113,1
0.015011499999999992,1.8096129116425481,23.065016312954445,1
0.015012499999999991,1.9277442233253024,23.044620137453737,1
0.01501349999999999,2.0457574627422765,23.02424199809767,1
0.01501449999999999,2.1636527479067245,23.003881878937065,1
0.015015499999999989,2.1670839065812757,23.114179114911956,0
0.015016499999999988,2.048535124335785,23.132560347699595,0
0.015017499999999987,1.929949502247473,23.14840709423773,0
0.015018499999999987,1.8113533649898337,23.16172240615743,0
0.015019499999999986,1.6927731010949552,23.17250989491218,0
0.015020499999999985,1.6913634029793263,23.085430618823274,1
0.015021499999999985,1.8096129050657623,23.065016391145374,1
0.015022499999999984,1.9277442167550918,23.044620215575527,1
0.015023499999999983,2.045757456178633,23.024242076150397,1
0.015024499999999982,2.1636527413496403,23.00388195692078,1
0.015025499999999982,2.1670838996574835,23.114179192411736,0
0.01502649999999998,2.0485351166465366,23.132560424937587,0
0.01502749999999998,1.929949493796394,23.148407171198155,0
0.01502849999999998,1.81135335578072,23.161722482824565,0
0.015029499999999979,1.6927730911317758,23.1725099712705,0
0.015030499999999978,1.6913633926400018,23.0854306955024,1
0.015031499999999977,1.8096128947367716,23.065016467756703,1
0.015032499999999976,1.927744206436425,23.04462029211909,1
0.015033499999999976,2.045757445870281,23.024242152626233,1
0.015034499999999975,2.1636527310515863,23.003882033329003,1
0.015035499999999974,2.1670838890053017,23.1141792681132,0
0.015036499999999973,2.0485351052514638,23.132560500301118,0
0.015037499999999973,1.9299494816628084,23.148407246208507,0
0.015038499999999972,1.8113533429131763,23.161722557466664,0
0.015039499999999971,1.692773077534999,23.17251004552938,0
0.01504049999999997,1.6913633786817164,23.085430770226136,1
0.01504149999999997,1.8096128807924379,23.065016542414376,1
0.015042499999999969,1.9277441925060286,23.04462036671075,1
0.015043499999999968,2.0457574319538088,23.024242227151973,1
0.015044499999999968,2.163652717149028,23.00388210778884,1
0.015045499999999967,2.167083874762803,23.11417934165193,0
0.015046499999999966,2.048535090292102,23.13256057342918,0
0.015047499999999965,1.92994946599169,23.148407318911378,0
0.015048499999999965,1.811353326535567,23.161722629729923,0
0.015049499999999964,1.692773060456338,23.172510117338728,0
0.015050499999999963,1.6913633617572656,23.085430842566023,1
0.015051499999999962,1.8096128638849034,23.065016614690297,1
0.015052499999999962,1.9277441756153926,23.044620438922767,1
0.015053499999999961,2.0457574150800557,23.024242299300123,1
0.01505449999999996,2.163652700292141,23.003882179873166,1
0.01505549999999996,2.1670838575820937,23.11417941264043,0
0.015056499999999959,2.0485350724236273,23.13256064394866,0
0.015057499999999958,1.9299494474411207,23.148407388947962,0
0.015058499999999957,1.8113533073087384,23.161722699269976,0
0.015059499999999957,1.6927730405592456,23.1725101863687,0
0.015060499999999956,1.6913633410321387,23.08543091238534,1
0.015061499999999955,1.8096128431804905,23.06501668444784,1
0.015062499999999954,1.9277441549316732,23.044620508618618,1
0.015063499999999954,2.045757394417009,23.02424236893434,1
0.015064499999999953,2.163652679649743,23.003882249445812,1
0.015065499999999952,2.167083836632028,23.11417948089278,0
0.015066499999999951,2.0485350508177684,23.13256071165635,0
0.01506749999999995,1.9299494251858897,23.148407456097996,0
0.01506849999999995,1.811353284410705,23.16172276584935,0
0.01506949999999995,1.6927730170251423,23.172510252364702,0
0.015070499999999949,1.6913633171892626,23.085430979242837,1
0.015071499999999948,1.8096128193614471,23.06501675124622,1
0.015072499999999947,1.9277441311364396,23.044620575357886,1
0.015073499999999946,2.0457573706455583,23.02424243561458,1
0.015074499999999946,2.1636526559020544,23.00388231606708,1
0.015075499999999945,2.1670838125953567,23.114179546010547,0
0.015076499999999944,2.048535026160424,23.132560776168862,0
0.015077499999999943,1.9299493999148716,23.148407519993,0
0.015078499999999943,1.811353258533164,23.161722829114826,0
0.015079499999999942,1.692772990548382,23.172510314988806,0
0.015080499999999941,1.6913632904240183,23.085431042846686,1
0.01508149999999994,1.8096127926229528,23.065016814793843,1
0.01508249999999994,1.9277441044246697,23.044620638849352,1
0.015083499999999939,2.045757343960488,23.024242499049922,1
0.015084499999999938,2.163652629243656,23.00388237944635,1
0.015085499999999938,2.1670837856675074,23.114179607715226,0
0.015086499999999937,2.0485349986495525,23.13256083721219,0
0.015087499999999936,1.9299493718285154,23.148407580363692,0
0.015088499999999935,1.8113532298790027,23.16172288880174,0
0.015089499999999935,1.6927729613342386,23.172510373980924,0
0.015090499999999934,1.6913632614422602,23.085431102856166,1
0.015091499999999933,1.8096127636701622,23.065016874750267,1
0.015092499999999932,1.927744075500817,23.04462069875275,1
0.015093499999999932,2.0457573150655426,23.02424255890033,1
0.015094499999999931,2.1636526003775938,23.003882439243814,1
0.01509549999999993,2.167083756552935,23.11417966570953,0
0.01509649999999993,2.0485349689917136,23.13256089450446,0
0.015097499999999929,1.9299493416353213,23.148407636943436,0
0.015098499999999928,1.8113531991584997,23.161722944658738,0
0.015099499999999927,1.6927729300946044,23.172510429105103,0
0.015100499999999926,1.6913632294573822,23.085431159226445,1
0.015101499999999926,1.809612731717253,23.065016931070712,1
0.015102499999999925,1.9277440435798443,23.044620755023427,1
0.015103499999999924,2.0457572831764756,23.024242615121224,1
0.015104499999999924,2.163652568520396,23.003882495414988,1
0.015105499999999923,2.1670837244677386,23.114179719902076,0
0.015106499999999922,2.0485349364048857,23.132560947937794,0
0.015107499999999921,1.9299493085553143,23.148407689608106,0
0.01510849999999992,1.811353165593891,23.161722996545443,0
0.01510949999999992,1.6927728960541037,23.172510480204775,0
0.01511049999999992,1.6913631951949757,23.08543121161253,1
0.015111499999999918,1.8096126974890934,23.06501698341048,1
0.015112499999999918,1.927744009385895,23.044620807316903,1
0.015113499999999917,2.045757249016703,23.02424266736849,1
0.015114499999999916,2.163652534394768,23.00388254761608,1
0.015115499999999915,2.1670836901365935,23.11417976999287,0
0.015116499999999915,2.048534901615846,23.13256099722796,0
0.015117499999999914,1.9299492733172088,23.148407738089162,0
0.015118499999999913,1.8113531299156662,23.161723044209126,0
0.015119499999999913,1.6927728599448235,23.17251052704305,0
0.015120499999999912,1.6913631588876024,23.08543125982212,1
0.015121499999999911,1.8096126612180083,23.065017031577394,1
0.01512249999999991,1.9277439731510624,23.04462085544119,1
0.01512349999999991,2.045757212818087,23.024242715450224,1
0.015124499999999909,2.163652498232333,23.003882595655273,1
0.015125499999999908,2.167083653791458,23.114179815804118,0
0.015126499999999907,2.048534864858038,23.13256104220237,0
0.015127499999999907,1.9299492361558788,23.148407782219284,0
0.015128499999999906,1.8113530923600676,23.16172308748773,0
0.015129499999999905,1.6927728220043294,23.17251056946306,0
0.015130499999999904,1.6913631212728457,23.085431303616186,1
0.015131499999999904,1.8096126236408492,23.065017075332758,1
0.015132499999999903,1.927743935611462,23.044620899157888,1
0.015133499999999902,2.045757175316008,23.02424275912827,1
0.015134499999999902,2.163652460767737,23.00388263929471,1
0.0151354999999999,2.1670836161678806,23.11417985714245,0
0.0151364999999999,2.048534826868036,23.13256108268346,0
0.0151374999999999,1.9299491978087648,23.148407821836663,0
0.015138499999999899,1.8113530536652438,23.161723126235124,0
0.015139499999999898,1.6927727829712997,23.17251060733447,0
0.015140499999999897,1.69136308159033,23.085431343054506,1
0.015141499999999896,1.8096125839979962,23.06501711473619,1
0.015142499999999896,1.927743896008233,23.044620938526474,1
0.015143499999999895,2.045757135752362,23.02424279846204,1
0.015144499999999894,2.1636524212436323,23.00388267859369,1
0.015145499999999893,2.1670835765075,23.114179894021646,0
0.015146499999999893,2.0485347868882817,23.13256111866902,0
0.015147499999999892,1.9299491575192622,23.148407856923207,0
0.015148499999999891,1.8113530130757067,23.161723160417427,0
0.01514949999999989,1.6927727420915333,23.17251064060758,0
0.01515049999999989,1.6913630405862508,23.085431377898153,1
0.015151499999999889,1.8096125430349006,23.065017149549014,1
0.015152499999999888,1.927743855086078,23.044620973308508,1
0.015153499999999888,2.0457570948711097,23.02424283321332,1
0.015154499999999887,2.1636523804032435,23.003882713314287,1
0.015155499999999886,2.167083535555017,23.11417992624866,0
0.015156499999999885,2.0485347456644787,23.132561149981978,0
0.015157499999999885,1.9299491160339222,23.14840788731772,0
0.015158499999999884,1.811352971338688,23.161723189889397,0
0.015159499999999883,1.6927727001127728,23.17251066915305,0
0.015160499999999882,1.691362998508264,23.085431408061336,1
0.015161499999999882,1.809612500998972,23.065017179685558,1
0.015162499999999881,1.9277438130921665,23.044621003418396,1
0.01516349999999988,2.045757052919171,23.024242863296564,1
0.01516449999999988,2.163652338493234,23.003882743370887,1
0.015165499999999879,2.1670834935568797,23.114179953752792,0
0.015166499999999878,2.048534703443484,23.132561176556933,0
0.015167499999999877,1.9299490735999456,23.14840791296024,0
0.015168499999999877,1.8113529287016719,23.16172321459638,0
0.015169499999999876,1.6927726572827397,23.172510692921584,0
0.015170499999999875,1.6913629561035655,23.085431433412378,1
0.015171499999999874,1.8096124586366535,23.065017205014158,1
0.015172499999999874,1.927743770772189,23.044621028724613,1
0.015173499999999873,2.04575701064149,23.024242888580407,1
0.015174499999999872,2.163652296257807,23.003882768632355,1
0.015175499999999871,2.167083451257632,23.11417997644766,0
0.01517649999999987,2.0485346609697768,23.132561198323454,0
0.01517749999999987,1.9299490309615934,23.148407933796086,0
0.01517849999999987,1.811352885908545,23.161723234499473,0
0.015179499999999868,1.6927726143447666,23.172510711890112,0
0.015180499999999868,1.6913629126158856,23.085431454117963,1
0.015181499999999867,1.8096124151924415,23.06501722570143,1
0.015182499999999866,1.927743727371399,23.044621049393587,1
0.015183499999999866,2.045756967284082,23.024242909231102,1
0.015184499999999865,2.1636522529437383,23.003882789264825,1
0.015185499999999864,2.167083407902564,23.114179994454116,0
0.015186499999999863,2.0485346174883765,23.13256121538621,0
0.015187499999999863,1.9299489873637752,23.148407949913928,0
0.015188499999999862,1.8113528422042697,23.16172324967135,0
0.015189499999999861,1.692772570544045,23.172510726115167,0
0.01519049999999986,1.691362868790263,23.085431470045087,1
0.01519149999999986,1.809612371410623,23.065017241614463,1
0.015192499999999859,1.9277436836333401,23.044621065292542,1
0.015193499999999858,2.0457569235897384,23.024242925116006,1
0.015194499999999857,2.1636522092930663,23.003882805135667,1
0.015195499999999857,2.167083364234658,23.114180007684304,0
0.015196499999999856,2.0485345737422276,23.13256122767322,0
0.015197499999999855,1.9299489435492354,23.148407961257465,0
0.015198499999999854,1.8113527983312225,23.161723260071437,0
0.015199499999999854,1.6927725266224176,23.17251073557201,0
0.015200499999999853,1.691362824867952,23.08543148121316,1
0.015201499999999852,1.8096123275322131,23.065017252772652,1
0.015202499999999852,1.9277436397987864,23.044621076440848,1
0.01520349999999985,2.0457568797989962,23.02424293625446,1
0.01520449999999985,2.1636521655460976,23.00388281626428,1
0.01520549999999985,2.1670833204935063,23.11418001617177,0
0.015206499999999849,2.048534529970286,23.132561235222976,0
0.015207499999999848,1.929948899756244,23.148407967870305,0
0.015208499999999847,1.811352754526947,23.161723265748275,0
0.015209499999999846,1.692772482816648,23.17251074031407,0
0.015210499999999846,1.6913627810851712,23.085431487666238,1
0.015211499999999845,1.8096122837931912,23.06501725922003,1
0.015212499999999844,1.927743596103482,23.04462108288252,1
0.015213499999999843,2.0457568361473655,23.02424294269044,1
0.015214499999999843,2.163652121938094,23.003882822694514,1
0.015215499999999842,2.167083276913849,23.114180019974768,0
0.015216499999999841,2.048534486406424,23.132561238098642,0
0.01521749999999984,1.929948856217755,23.14840796982038,0
0.01521849999999984,1.8113527110234182,23.16172326677472,0
0.015219499999999839,1.6927724393576895,23.17251074041895,0
0.015220499999999838,1.6913627381717267,23.08543148939981,1
0.015221499999999838,1.809612240922639,23.065017260952075,1
0.015222499999999837,1.9277435532757787,23.044621084613034,1
0.015223499999999836,2.0457567933624694,23.024242944419395,1
0.015224499999999835,2.163652079195958,23.003882824421957,1
0.015225499999999835,2.167083234222359,23.114180019132224,0
0.015226499999999834,2.0485344437760338,23.132561236354483,0
0.015227499999999833,1.9299488136577154,23.148407967177256,0
0.015228499999999832,1.8113526685429884,23.161723263235498,0
0.015229499999999832,1.6927723969661366,23.172510735986695,0
0.015230499999999831,1.691362695348014,23.085431486704532,1
0.01523149999999983,1.8096121981417295,23.065017258259193,1
0.01523249999999983,1.9277435105376293,23.044621081922553,1
0.015233499999999829,2.045756750667037,23.0242429417313,1
0.015234499999999828,2.1636520365432035,23.003882821736255,1
0.015235499999999827,2.167083191640464,23.11418001388706,0
0.015236499999999827,2.0485344012990656,23.13256123021657,0
0.015237499999999826,1.929948771294791,23.148407960150145,0
0.015238499999999825,1.8113526263032098,23.16172325532297,0
0.015239499999999824,1.6927723548586089,23.172510727192694,0
0.015240499999999824,1.6913626533299375,23.085431479567333,1
0.015241499999999823,1.8096121561656504,23.065017251128303,1
0.015242499999999822,1.927743468603504,23.04462107479796,1
0.015243499999999821,2.045756708774824,23.02424293461299,1
0.01524449999999982,2.1636519946928594,23.003882814624234,1
0.01524549999999982,2.1670831498816123,23.114180004268917,0
0.01524649999999982,2.0485343596878014,23.132561219729574,0
0.015247499999999818,1.9299487298399276,23.14840794879874,0
0.015248499999999818,1.811352585013546,23.161723243111773,0
0.015249499999999817,1.6927723137429285,23.17251071412654,0
0.015250499999999816,1.6913626123241836,23.085431468123087,1
0.015251499999999816,1.8096121152008806,23.065017239694175,1
0.015252499999999815,1.927743427679678,23.044621063373945,1
0.015253499999999814,2.045756667891904,23.024242923199104,1
0.015254499999999813,2.163651953850802,23.003882803220453,1
0.015255499999999813,2.167083109150457,23.114179990424514,0
0.015256499999999812,2.0485343191451713,23.132561205044404,0
0.015257499999999811,1.929948689494299,23.148407933278087,0
0.01525849999999981,1.811352544873368,23.161723226761,0
0.01525949999999981,1.6927722738166286,23.172510696951235,0
0.015260499999999809,1.6913625730267332,23.08543145245388,1
0.015261499999999808,1.8096120759427077,23.06501722403883,1
0.015262499999999807,1.9277433884607442,23.044621047732427,1
0.015263499999999807,2.0457566287121676,23.024242907571413,1
0.015264499999999806,2.1636519147102278,23.003882787606564,1
0.015265499999999805,2.167083070139602,23.11417997247703,0
0.015266499999999805,2.048534280361701,23.132561186298556,0
0.015267499999999804,1.9299486509461983,23.14840791373992,0
0.015268499999999803,1.811352506568593,23.161723206436715,0
0.015269499999999802,1.6927722357631008,23.172510675847185,0
0.015270499999999802,1.6913625346204115,23.085431432932154,1
0.0152714999999998,1.8096120375747748,23.06501720453437,1
0.0152724999999998,1.92774335013116,23.044621028245267,1
0.0152734999999998,2.045756590420893,23.024242888101494,1
0.015274499999999799,2.1636518764572252,23.00388276815391,1
0.015275499999999798,2.1670830320326933,23.114179950748508,0
0.015276499999999797,2.0485342425188158,23.132561163796503,0
0.015277499999999796,1.9299486133750312,23.148407890471,0
0.015278499999999796,1.8113524692767895,23.161723182407886,0
0.015279499999999795,1.6927721987582622,23.1725106510655,0
0.015280499999999794,1.6913624977800934,23.08543140962209,1
0.015281499999999794,1.809612000771276,23.06501718124491,1
0.015282499999999793,1.927743313364447,23.044621004976385,1
0.015283499999999792,2.0457565536909286,23.024242864853193,1
0.015284499999999791,2.1636518397639697,23.003882744926152,1
0.01528549999999979,2.167082995502011,23.11417992534292,0
0.01528649999999979,2.048534206286943,23.132561137656168,0
0.015287499999999789,1.929948577449212,23.14840786360337,0
0.015288499999999788,1.8113524336642148,23.161723154820507,0
0.015289499999999788,1.6927721634660815,23.172510622766048,0
0.015290499999999787,1.6913624626682962,23.085431382730416,1
0.015291499999999786,1.8096119656945744,23.065017154377024,1
0.015292499999999785,1.9277432783228041,23.04462097813224,1
0.015293499999999785,2.0457565186843083,23.024242838032787,1
0.015294499999999784,2.1636518047923383,23.003882718129454,1
0.015295499999999783,2.167082960707928,23.114179896476017,0
0.015296499999999782,2.04853417182409,23.13256110809635,0
0.015297499999999782,1.9299485433243675,23.148407833358718,0
0.015298499999999781,1.8113523998840895,23.161723123899193,0
0.01529949999999978,1.6927721300373317,23.172510591176426,0
0.01530049999999978,1.6913624299339687,23.085431352405564,1
0.015301499999999779,1.8096119329929654,23.065017124078967,1
0.015302499999999778,1.9277432456538814,23.044620947860974,1
0.015303499999999777,2.045756486048039,23.02424280778828,1
0.015304499999999777,2.1636517721886896,23.00388268791169,1
0.015305499999999776,2.1670829282959296,23.11417986433409,0
0.015306499999999775,2.048534139773093,23.13256107531681,0
0.015307499999999774,1.929948511640536,23.148407799950164,0
0.015308499999999774,1.8113523685735227,23.16172308987032,0
0.015309499999999773,1.6927720991060646,23.17251055653607,0
0.015310499999999772,1.6913623987103592,23.08543131908115,1
0.015311499999999771,1.8096119018005639,23.065017090784004,1
0.01531249999999977,1.927743214492655,23.044620914595463,1
0.01531349999999977,2.045756454917959,23.02424277455219,1
0.01531449999999977,2.1636517410897267,23.003882654705016,1
0.015315499999999769,2.167082897400086,23.11417982929726,0
0.015316499999999768,2.0485341092652924,23.132561039678713,0
0.015317499999999767,1.9299484815265346,23.14840776371991,0
0.015318499999999766,1.811352338859009,23.161723053057184,0
0.015319499999999766,1.692772069796647,23.172510519149363,0
0.015320499999999765,1.691362369620572,23.08543128287623,1
0.015321499999999764,1.809611872739851,23.065017054611115,1
0.015322499999999763,1.9277431854609883,23.04462087845454,1
0.015323499999999763,2.0457564259153087,23.024242738443203,1
0.015324499999999762,2.1636517121160637,23.00388261862794,1
0.015325499999999761,2.1670828686408874,23.11417979152084,0
0.01532649999999976,2.048534080918855,23.132561001350343,0
0.01532749999999976,1.9299484535980822,23.148407724849136,0
0.015328499999999759,1.8113523113536767,23.161723013653624,0
0.015329499999999758,1.6927720427194972,23.172510479222773,0
0.015330499999999758,1.691362342773405,23.08543124404637,1
0.015331499999999757,1.809611845919516,23.065017015815602,1
0.015332499999999756,1.927743158667461,23.044620839693355,1
0.015333499999999755,2.045756399148562,23.024242699716332,1
0.015334499999999755,2.163651685376068,23.0038825799353,1
0.015335499999999754,2.1670828421250428,23.11417975126613,0
0.015336499999999753,2.04853405483776,23.13256096059473,0
0.015337499999999752,1.9299484279563985,23.148407683602596,0
0.015338499999999752,1.8113522861559845,23.16172297192621,0
0.015339499999999751,1.6927720179702876,23.17251043702464,0
0.01534049999999975,1.6913623187625604,23.085431202782868,1
0.01534149999999975,1.8096118219326698,23.0650169745886,1
0.015342499999999749,1.927743134704592,23.04462079850281,1
0.015343499999999748,2.0457563752096437,23.024242658562187,1
0.015344499999999747,2.1636516614610777,23.00388253881759,1
0.015345499999999746,2.1670828184428985,23.114179708758847,0
0.015346499999999746,2.0485340316093623,23.13256091764988,0
0.015347499999999745,1.9299484051857376,23.14840764023043,0
0.015348499999999744,1.8113522638469501,23.161722928137067,0
0.015349499999999744,1.692771996126685,23.17251039282889,0
0.015350499999999743,1.6913622966647845,23.085431159555938,1
0.015351499999999742,1.8096117998569847,23.065016931399914,1
0.015352499999999741,1.9277431126509712,23.0446207553523,1
0.01535349999999974,2.045756353178066,23.024242615449825,1
0.01535449999999974,2.163651639451522,23.003882495743326,1
0.01535549999999974,2.167082796672105,23.114179664411687,0
0.015356499999999738,2.0485340103083316,23.132560872908325,0
0.015357499999999738,1.9299483843579899,23.148407595104995,0
0.015358499999999737,1.811352243495911,23.161722882638326,0
0.015359499999999736,1.6927719762556857,23.17251034696751,0
0.015360499999999735,1.6913622770457406,23.08543111451457,1
0.015361499999999735,1.8096117802575469,23.065016886398325,1
0.015362499999999734,1.9277430930711206,23.04462071039051,1
0.015363499999999733,2.045756333617784,23.024242570527782,1
0.015364499999999733,2.1636516199107896,23.003882450860985,1
0.015365499999999732,2.167082777375919,23.114179618406805,0
0.015366499999999731,2.0485339914954133,23.132560826563797,0
0.01536749999999973,1.9299483660312744,23.14840754843161,0
0.01536849999999973,1.8113522256582377,23.16172283564684,0
0.015369499999999729,1.6927719589097923,23.17251029966876,0
0.015370499999999728,1.6913622599562608,23.085431067938323,1
0.015371499999999727,1.8096117631851505,23.065016839863283,1
0.015372499999999727,1.92774307601579,23.04462066389662,1
0.015373499999999726,2.0457563165795003,23.024242524075035,1
0.015374499999999725,2.1636516028895336,23.003882404449328,1
0.015375499999999724,2.167082760603246,23.114179571025826,0
0.015376499999999724,2.048533975216637,23.132560778898622,0
0.015377499999999723,1.929948350248747,23.148407500493057,0
0.015378499999999722,1.8113522103742066,23.161722787445864,0
0.015379499999999722,1.6927719441263995,23.172510251216305,0
0.01538049999999972,1.691362245432263,23.085431020108967,1
0.01538149999999972,1.8096117486756682,23.065016792076214,1
0.01538249999999972,1.9277430615208089,23.04462061615183,1
0.015383499999999719,2.045756302099009,23.024242476372443,1
0.015384499999999718,2.1636515884235195,23.003882356788903,1
0.015385499999999717,2.167082746388466,23.114179522550998,0
0.015386499999999716,2.0485339615035194,23.13256073019535,0
0.015387499999999716,1.9299483370390558,23.148407451572304,0
0.015388499999999715,1.811352197669604,23.161722738318616,0
0.015389499999999714,1.6927719319284418,23.17251020189352,0
0.015390499999999713,1.6913622339947256,23.08543097123606,1
0.015391499999999713,1.809611737249562,23.065016743246524,1
0.015392499999999712,1.9277430501061235,23.0446205673653,1
0.015393499999999711,2.045756290695733,23.0242424276291,1
0.01539449999999971,2.1636515770316422,23.00388230808866,1
0.01539549999999971,2.1670827352495063,23.11417947322216,0
0.015396499999999709,2.0485339508709575,23.13256068070436,0
0.015397499999999708,1.9299483269139657,23.14840740193013,0
0.015398499999999708,1.8113521880529484,23.161722688536187,0
0.015399499999999707,1.692771922821078,23.172510151981786,0
0.015400499999999706,1.691362224647925,23.0854309217996,1
0.015401499999999705,1.8096117279121056,23.065016693853813,1
0.015402499999999705,1.9277430407779999,23.044620518016284,1
0.015403499999999704,2.0457562813769314,23.02424237832368,1
0.015404499999999703,2.16365156772215,23.00388225882687,1
0.015405499999999702,2.1670827261918584,23.114179423457518,0
0.015406499999999702,2.048533942321487,23.132560630822198,0
0.015407499999999701,1.9299483188732898,23.148407351941383,0
0.0154084999999997,1.8113521805215629,23.16172263845182,0
0.0154094999999997,1.692771915799372,23.172510101812698,0
0.015410499999999699,1.6913622178856778,23.085430871951402,1
0.015411499999999698,1.8096117211566156,23.065016644049663,1
0.015412499999999697,1.9277430340292605,23.044620468256166,1
0.015413499999999697,2.0457562746349396,23.024242328607595,1
0.015414499999999696,2.163651560986898,23.00388220915473,1
0.015415499999999695,2.167082719707332,23.114179373437732,0
0.015416499999999694,2.0485339363445147,23.132560580739757,0
0.015417499999999694,1.9299483134039117,23.1484073018071,0
0.015418499999999693,1.8113521755597146,23.161722588276497,0
0.015419499999999692,1.6927719113448765,23.172510051607134,0
0.015420499999999691,1.6913622136879765,23.085430821966156,1
0.01542149999999969,1.8096117169631099,23.06501659410863,1
0.01542249999999969,1.927743029839947,23.044620418359276,1
0.01542349999999969,2.045756270449811,23.024242278754805,1
0.015424499999999688,2.163651556805952,23.003882159346027,1
0.015425499999999688,2.1670827157743795,23.114179323434968,0
0.015426499999999687,2.0485339329157997,23.132560530728227,0
0.015427499999999686,1.9299483104789201,23.148407251797476,0
0.015428499999999686,1.811352173137825,23.161722538279445,0
0.015429499999999685,1.6927719094253557,23.172510001633285,0
0.015430499999999684,1.6913622125207637,23.085430772040336,1
0.015431499999999683,1.8096117157970633,23.065016544226967,1
0.015432499999999683,1.9277430286750663,23.044620368521763,1
0.015433499999999682,2.0457562692860947,23.024242228961377,1
0.015434499999999681,2.1636515556434017,23.003882109596642,1
0.01543549999999968,2.1670827148562464,23.11417927367266,0
0.01543649999999968,2.04853393249578,23.132560481020597,0
0.015437499999999679,1.9299483105558555,23.148407202154957,0
0.015438499999999678,1.8113521737104472,23.16172248871243,0
0.015439499999999677,1.6927719104922792,23.17250995215217,0
0.015440499999999677,1.6913622133347945,23.08543072263581,1
0.015441499999999676,1.809611716610282,23.065016494866097,1
0.015442499999999675,1.9277430294874733,23.04462031920454,1
0.015443499999999675,2.0457562700976912,23.02424217968779,1
0.015444499999999674,2.1636515564541874,23.003882060366635,1
0.015445499999999673,2.167082715905309,23.11417922454775,0
0.015446499999999672,2.0485339340341624,23.132560431990996,0
0.015447499999999672,1.9299483125819918,23.148407153230867,0
0.01544849999999967,1.8113521762226548,23.161722439904004,0
0.01544949999999967,1.69277191348877,23.17250990346953,0
0.01545049999999967,1.691362216572131,23.085430673880385,1
0.015451499999999669,1.8096117198443824,23.065016446153837,1
0.015452499999999668,1.9277430327183396,23.044620270535354,1
0.015453499999999667,2.045756273325329,23.0242421310616,1
0.015454499999999666,2.163651559678598,23.00388201178345,1
0.015455499999999666,2.1670827193619884,23.114179176213934,0
0.015456499999999665,2.048533937969291,23.13256038380221,0
0.015457499999999664,1.9299483169934957,23.14840710519701,0
0.015458499999999663,1.8113521811083564,23.16172239203493,0
0.015459499999999663,1.6927719188463797,23.172509855775008,0
0.015460499999999662,1.6913622221629745,23.085430626019836,1
0.015461499999999661,1.8096117254296384,23.065016398335608,1
0.01546249999999966,1.9277430382980143,23.04462022275937,1
0.01546349999999966,2.0457562788994257,23.024242083327877,1
0.015464499999999659,2.1636515652471253,23.003881964091946,1
0.015465499999999658,2.167082725155342,23.114179128911733,0
0.015466499999999658,2.048533944227903,23.13256033669292,0
0.015467499999999657,1.92994832371482,23.14840705829025,0
0.015468499999999656,1.8113521882897332,23.161722345340127,0
0.015469499999999655,1.692771926485045,23.17250980930158,0
0.015470499999999655,1.691362230525676,23.085430579216986,1
0.015471499999999654,1.80961173378398,23.06501635157411,1
0.015472499999999653,1.927743046644004,23.044620176039246,1
0.015473499999999652,2.0457562872370723,23.024242036649042,1
0.015474499999999652,2.1636515735764332,23.003881917454354,1
0.015475499999999651,2.1670827337014478,23.114179082827857,0
0.01547649999999965,2.0485339532237092,23.13256029085836,0
0.01547749999999965,1.9299483331572083,23.148407012714145,0
0.015478499999999649,1.8113521981754834,23.161722300031578,0
0.015479499999999648,1.6927719368108327,23.172509764269524,0
0.015480499999999647,1.6913622405658368,23.08543053389496,1
0.015481499999999647,1.8096117438141055,23.065016306292186,1
0.015482499999999646,1.9277430566641045,23.04462013079735,1
0.015483499999999645,2.0457562972471592,23.02424199144719,1
0.015484499999999644,2.163651583576516,23.00388187229248,1
0.015485499999999644,2.16708274390797,23.11417903831827,0
0.015486499999999643,2.0485339638621576,23.132560246630884,0
0.015487499999999642,1.9299483442241494,23.14840696877747,0
0.015488499999999641,1.8113522096673864,23.161722256394288,0
0.01548949999999964,1.6927719487240567,23.1725097209402,0
0.01549049999999964,1.6913622526829861,23.085430490138947,1
0.01549149999999964,1.8096117559191456,23.065016262574876,1
0.015492499999999639,1.9277430687570463,23.04462008711872,1
0.015493499999999638,2.0457563093280147,23.02424194780717,1
0.015494499999999637,2.1636515956452986,23.003881828691064,1
0.015495499999999636,2.1670827561732042,23.11417899549182,0
0.015496499999999636,2.0485339765399693,23.132560204127593,0
0.015497499999999635,1.9299483573106992,23.148406926605542,0
0.015498499999999634,1.8113522231587438,23.161722214561905,0
0.015499499999999633,1.6927719626161923,23.172509679455374,0
0.015500499999999633,1.6913622667675385,23.08543044814822,1
0.015501499999999632,1.8096117699896195,23.065016220621263,1
0.015502499999999631,1.9277430828134572,23.044620045202198,1
0.01550349999999963,2.0457563233703757,23.024241905927703,1
0.01550449999999963,2.163651609673624,23.0038817868486,1
0.015505499999999629,2.1670827703868816,23.114178954540108,0
0.015506499999999628,2.048533991145091,23.132560163537416,0
0.015507499999999627,1.9299483723030593,23.14840688638467,0
0.015508499999999627,1.8113522385340441,23.161722174717934,0
0.015509499999999626,1.6927719783700368,23.172509639995862,0
0.015510499999999625,1.691362283201005,23.085430408035172,1
0.015511499999999625,1.8096117864066603,23.065016180543708,1
0.015512499999999624,1.9277430992140883,23.044620005160084,1
0.015513499999999623,2.0457563397546132,23.024241865921006,1
0.015514499999999622,2.163651626041482,23.003881746877294,1
0.015515499999999622,2.167082786928641,23.11417891559767,0
0.015516499999999621,2.0485340080553645,23.13256012500279,0
0.01551749999999962,1.929948389577187,23.148406848265036,0
0.01551849999999962,1.811352256167274,23.1617221370204,0
0.015519499999999619,1.6927719963575318,23.172509602727295,0
0.015520499999999618,1.6913623008551846,23.085430370169565,1
0.015521499999999617,1.8096118040431952,23.06501614271159,1
0.015522499999999616,1.9277431168329944,23.044619967361424,1
0.015523499999999616,2.045756357355908,23.024241828155763,1
0.015524499999999615,2.1636516436251867,23.003881709145443,1
0.015525499999999614,2.1670828046728094,23.114178878965397,0
0.015526499999999614,2.048534026143481,23.132560088800336,0
0.015527499999999613,1.9299484080043994,23.14840681249898,0
0.015528499999999612,1.8113522749286421,23.161722101697244,0
0.015529499999999611,1.692772015448027,23.1725095678535,0
0.01553049999999961,1.6913623200989487,23.085430334580348,1
0.01553149999999961,1.8096118232677252,23.065016107153816,1
0.015532499999999609,1.9277431360383113,23.044619931835072,1
0.015533499999999608,2.04575637654203,23.024241792660813,1
0.015534499999999608,2.1636516627921303,23.00388167368189,1
0.015535499999999607,2.1670828239874522,23.114178844693775,0
0.015536499999999606,2.0485340457765675,23.13256005498818,0
0.015537499999999605,1.9299484279507924,23.14840677915236,0
0.015538499999999605,1.8113522951831291,23.161722068822062,0
0.015539499999999604,1.6927720360053131,23.17250953545556,0
0.015540499999999603,1.6913623407953813,23.08543030140736,1
0.015541499999999603,1.809611843943471,23.065016074010167,1
0.015542499999999602,1.927743156693392,23.04461989872075,1
0.015543499999999601,2.045756397176466,23.024241759575798,1
0.0155444999999996,2.1636516834059454,23.003881640626133,1
0.0155454999999996,2.1670828447354036,23.114178812914236,0
0.015546499999999599,2.048534066816303,23.13256002369473,0
0.015547499999999598,1.929948449276934,23.14840674835045,0
0.015548499999999597,1.8113523167902263,23.161722038517002,0
0.015549499999999597,1.6927720578878382,23.17250950565256,0
0.015550499999999596,1.6913623628024779,23.085430270774946,1
0.015551499999999595,1.8096118659285705,23.06501604340482,1
0.015552499999999594,1.9277431786565153,23.04461986814248,1
0.015553499999999594,2.045756419117638,23.024241729024553,1
0.015554499999999593,2.1636517053251847,23.003881610101928,1
0.015555499999999592,2.167082866774807,23.11417878374174,0
0.015556499999999591,2.048534089119855,23.13255999503175,0
0.01555749999999959,1.9299484718390483,23.14840672020183,0
0.01555849999999959,1.8113523396052498,23.16172201088744,0
0.01555949999999959,1.6927720809500453,23.17250947854659,0
0.015560499999999589,1.6913623864738274,23.08543024271809,1
0.015561499999999588,1.809611889576261,23.06501601537279,1
0.015562499999999587,1.9277432022805716,23.044619840135258,1
0.015563499999999586,2.0457564427180785,23.02424170104213,1
0.015564499999999586,2.16365172890204,23.003881582144228,1
0.015565499999999585,2.1670828904579333,23.11417875723208,0
0.015566499999999584,2.048534113038511,23.132559969062452,0
0.015567499999999583,1.9299484959873625,23.148406694777,0
0.015568499999999583,1.81135236397729,23.161721986011138,0
0.015569499999999582,1.6927721055398126,23.17250945422269,0
0.015570499999999581,1.6913624106575929,23.085430217526927,1
0.01557149999999958,1.809611913735854,23.0650159902039,1
0.01557249999999958,1.9277432264160168,23.044619814988565,1
0.015573499999999579,2.0457564668294053,23.02424167591768,1
0.015574499999999578,2.1636517529892645,23.003881557041975,1
0.015575499999999578,2.167082914635935,23.114178733605605,0
0.015576499999999577,2.0485341374226387,23.13255994598245,0
0.015577499999999576,1.9299485205717153,23.14840667224705,0
0.015578499999999575,1.8113523887559095,23.161721964034598,0
0.015579499999999575,1.6927721305066865,23.172509432802872,0
0.015580499999999574,1.691362435703292,23.08543019514929,1
0.015581499999999573,1.8096119387565224,23.065015967846062,1
0.015582499999999572,1.9277432514116761,23.044619792650543,1
0.015583499999999572,2.045756491800079,23.024241653599418,1
0.015584499999999571,2.1636517779349784,23.003881534743435,1
0.01558549999999957,2.1670829396580307,23.11417871283109,0
0.01558649999999957,2.0485341626213294,23.132559925768046,0
0.015587499999999569,1.929948545940997,23.148406652595632,0
0.015588499999999568,1.8113524142897313,23.161721944948955,0
0.015589499999999567,1.692772156198939,23.172509414285624,0
0.015590499999999567,1.6913624614589093,23.085430175643292,1
0.015591499999999566,1.809611964486397,23.06501594835732,1
0.015592499999999565,1.9277432771158356,23.044619773178983,1
0.015593499999999564,2.045756517478547,23.02424163414505,1
0.015594499999999564,2.1636518035877828,23.00388151530629,1
0.015595499999999563,2.1670829653724546,23.11417869495706,0
0.015596499999999562,2.048534188482532,23.132559908464454,0
0.015597499999999561,1.929948571942902,23.14840663586472,0
0.01559849999999956,1.8113524404262156,23.161721928792794,0
0.01559949999999956,1.6927721824638386,23.17250939870621,0
0.01560049999999956,1.691362488271196,23.085430158977076,1
0.015601499999999558,1.809611991271884,23.06501593170582,1
0.015602499999999558,1.9277433038745502,23.044619756542264,1
0.015603499999999557,2.045756544210517,23.02424161752305,1
0.015604499999999556,2.1636518302930345,23.003881498699002,1
0.015605499999999555,2.1670829921249517,23.114178679972763,0
0.015606499999999555,2.0485342153516664,23.132559894068237,0
0.015607499999999554,1.9299485989224479,23.148406622058115,0
0.015608499999999553,1.811352467509916,23.161721915577328,0
0.015609499999999553,1.692772209645391,23.172509386083163,0
0.015610499999999552,1.6913625149847926,23.08543014537456,1
0.015611499999999551,1.8096120179587813,23.065015918115364,1
0.01561249999999955,1.9277433305347729,23.044619742963807,1
0.01561349999999955,2.045756570844093,23.024241603956614,1
0.015614499999999549,2.1636518568999925,23.003881485144582,1
0.015615499999999548,2.1670830187635173,23.11417866803225,0
0.015616499999999547,2.0485342420766117,23.13255988270888,0
0.015617499999999547,1.9299486257276572,23.14840661128089,0
0.015618499999999546,1.811352494389243,23.161721905382983,0
0.015619499999999545,1.6927722365926554,23.172509376472377,0
0.015620499999999544,1.6913625419490614,23.085430134717708,1
0.015621499999999544,1.8096120448960984,23.065015907467888,1
0.015622499999999543,1.9277433574451668,23.044619732325728,1
0.015623499999999542,2.045756597727589,23.024241593327933,1
0.015624499999999542,2.1636518837566174,23.003881474525276,1
0.015625499999999543,2.1670830456596506,23.114178659035844,0
0.01562649999999954,2.048534269029606,23.13255987429465,0
0.015627499999999538,1.9299486527314214,23.148406603449157,0
0.01562849999999954,1.8113525214372532,23.16172189813404,0
0.01562949999999954,1.6927722636787725,23.172509369806278,0
0.015630499999999537,1.6913625695461108,23.085430126922475,1
0.015631499999999535,1.8096120724653604,23.06501589967961,1
0.015632499999999536,1.9277433849870782,23.044619724544336,1
0.015633499999999537,2.0457566252421793,23.02424158555334,1
0.015634499999999534,2.1636519112435018,23.003881466757605,1
0.01563549999999953,2.1670830731464674,23.114178652928278,0
0.015636499999999533,2.04853429654309,23.132559868777534,0
0.015637499999999534,1.9299486802654329,23.14840659852219,0
0.01563849999999953,1.8113525489864548,23.16172189379662,0
0.01563949999999953,1.6927722912369851,23.17250936605785,0
0.01564049999999953,1.6913625970906316,23.085430122098977,1
0.01564149999999953,1.8096120999827592,23.065015894860302,1
0.01564249999999953,1.9277434124765638,23.044619719729337,1
0.015643499999999526,2.0457566527037763,23.024241580742714,1
0.015644499999999527,2.1636519386780595,23.00388146195112,1
0.015645499999999528,2.167083100544904,23.114178649777994,0
0.015646499999999525,2.0485343239395917,23.13255986621134,0
0.015647499999999523,1.9299487076539568,23.148406596539132,0
0.015648499999999524,1.8113525763601277,23.16172189239577,0
0.015649499999999525,1.6927723185897432,23.172509365238014,0
0.015650499999999522,1.691362624415956,23.085430120209658,1
0.01565149999999952,1.809612127280362,23.065015892972728,1
0.01565249999999952,1.9277434397472932,23.04461971784336,1
0.015653499999999522,2.045756679947658,23.024241578858334,1
0.01565449999999952,2.163651965894301,23.003881460068502,1
0.015655499999999517,2.167083127760446,23.114178649529567,0
0.015656499999999518,2.04853435112362,23.132559866538912,0
0.01565749999999952,1.9299487348005497,23.148406597441173,0
0.015658499999999517,1.8113526034641807,23.16172189387049,0
0.015659499999999514,1.6927723456453252,23.17250936728366,0
0.015660499999999515,1.691362651433574,23.085430121193372,1
0.015661499999999516,1.8096121542713852,23.065015893955493,1
0.015662499999999514,1.9277434667109297,23.044619718825327,1
0.01566349999999951,2.045756706883937,23.024241579839497,1
0.015664499999999512,2.1636519928040685,23.00388146104873,1
0.015665499999999513,2.167083154631865,23.114178652124963,0
0.01566649999999951,2.048534377936372,23.132559869698685,0
0.015667499999999508,1.9299487615488646,23.14840660116319,0
0.01566849999999951,1.8113526301414689,23.161721898152702,0
0.01566949999999951,1.6927723722458168,23.172509372123702,0
0.015670499999999508,1.6913626779736672,23.08543012498844,1
0.015671499999999505,1.8096121807845424,23.065015897747294,1
0.015672499999999506,1.9277434931979953,23.044619722613735,1
0.015673499999999507,2.0457567333449367,23.0242415836245,1
0.015674499999999505,2.163652019238211,23.003881464830457,1
0.015675499999999502,2.1670831809905056,23.114178657492587,0
0.015676499999999503,2.0485344042084668,23.13255987561584,0
0.015677499999999504,1.9299487877288308,23.14840660762722,0
0.015678499999999502,1.8113526562245548,23.161721905160732,0
0.0156794999999995,1.6927723982264569,23.172509379672814,0
0.0156804999999995,1.6913627038853132,23.085430131514283,1
0.0156814999999995,1.8096122066706997,23.06501590426727,1
0.0156824999999995,1.9277435190578684,23.04461972912798,1
0.015683499999999496,2.0457567591785546,23.024241590133027,1
0.015684499999999497,2.163652045046414,23.00388147133317,1
0.0156854999999995,2.1670832067585137,23.114178665535523,0
0.015686499999999496,2.048534429864766,23.13255988419169,0
0.015687499999999494,1.929948813268037,23.148406616732892,0
0.015688499999999495,1.8113526816404817,23.16172191479294,0
0.015689499999999496,1.692772423513749,23.1725093898282,0
0.015690499999999493,1.6913627290920654,23.085430140670102,1
0.01569149999999949,1.8096122318518462,23.065015913415067,1
0.01569249999999949,1.9277435442142574,23.044619738267613,1
0.015693499999999493,2.0457567843102082,23.024241599264528,1
0.01569449999999949,2.1636520701525392,23.003881480456673,1
0.015695499999999488,2.167083231765075,23.11417867615895,0
0.01569649999999949,2.04853445473396,23.132559895328207,0
0.01569749999999949,1.929948837994718,23.148406628378787,0
0.015698499999999487,1.8113527062203494,23.161721926944406,0
0.015699499999999485,1.6927724479416977,23.172509402481356,0
0.015700499999999486,1.6913627534269744,23.085430152356103,1
0.015701499999999487,1.809612256162845,23.06501592509069,1
0.015702499999999484,1.9277435685005475,23.04461974993301,1
0.015703499999999482,2.0457568085718174,23.024241610919667,1
0.015704499999999483,2.1636520943903137,23.003881492101424,1
0.015705499999999484,2.1670832559398847,23.11417868924362,0
0.01570649999999948,2.0485344787486697,23.13255990890461,0
0.01570749999999948,1.9299488618444351,23.14840664244278,0
0.01570849999999948,1.811352729899379,23.161721941491848,0
0.01570949999999948,1.6927724714451917,23.17250941750792,0
0.01571049999999948,1.6913627768273112,23.085430166448464,1
0.015711499999999476,1.8096122795393805,23.065015939170653,1
0.015712499999999477,1.9277435918541292,23.044619764000426,1
0.015713499999999478,2.0457568319024655,23.024241624974575,1
0.015714499999999475,2.163652117697233,23.00388150614396,1
0.015715499999999473,2.167083279125843,23.114178704672437,0
0.015716499999999474,2.0485345017515173,23.1325599248009,0
0.015717499999999475,1.9299488846595503,23.14840665880199,0
0.015718499999999472,1.8113527525229989,23.161721958309208,0
0.01571949999999947,1.6927724938727606,23.172509434778643,0
0.01572049999999947,1.691362799140743,23.08543018282613,1
0.015721499999999472,1.809612301830923,23.06501595553377,1
0.01572249999999947,1.92774361412298,23.04461978034914,1
0.015723499999999467,2.045756854148647,23.024241641308876,1
0.015724499999999468,2.163652139921584,23.003881522463754,1
0.01572549999999947,2.1670833012672928,23.114178722305795,0
0.015726499999999467,2.048534523689951,23.13255994287621,0
0.015727499999999464,1.9299489063906399,23.148406677314266,0
0.015728499999999465,1.8113527740416242,23.16172197725351,0
0.015729499999999466,1.6927725151746598,23.172509454149857,0
0.015730499999999464,1.6913628203199873,23.085430201345424,1
0.01573149999999946,1.8096123229885885,23.065015974036726,1
0.015732499999999462,1.927743635259909,23.044619798835686,1
0.015733499999999463,2.0457568752648605,23.02424165977904,1
0.01573449999999946,2.163652161016285,23.00388154091766,1
0.015735499999999458,2.167083322222628,23.114178742007947,0
0.01573649999999946,2.048534544422249,23.132559962992264,0
0.01573749999999946,1.9299489268958807,23.14840669783888,0
0.015738499999999458,1.8113527943166583,23.16172199818115,0
0.015739499999999455,1.6927725352155545,23.172509475475056,0
0.015740499999999456,1.69136284022892,23.085430221867362,1
0.015741499999999457,1.8096123428780324,23.065015994540445,1
0.015742499999999455,1.9277436551290632,23.04461981932134,1
0.015743499999999452,2.0457568951137457,23.024241680246647,1
0.015744499999999453,2.163652180845739,23.003881561367105,1
0.015745499999999454,2.1670833419523907,23.114178763622398,0
0.015746499999999452,2.0485345639122117,23.132559984991744,0
0.01574749999999945,1.9299489461423436,23.148406720217746,0
0.01574849999999945,1.8113528133151495,23.16172202093379,0
0.01574949999999945,1.6927725539624636,23.172509498595613,0
0.01575049999999945,1.6913628588414886,23.08543024423191,1
0.015751499999999446,1.8096123614715875,23.065016016885295,1
0.015752499999999447,1.9277436737044449,23.044619841646348,1
0.01575349999999945,2.04575691367097,23.024241702551837,1
0.015754499999999446,2.16365219938401,23.003881583652635,1
0.015755499999999444,2.167083360361214,23.114178786995534,0
0.015756499999999445,2.0485345820644794,23.132560008719437,0
0.015757499999999446,1.9299489640346914,23.148406744294046,0
0.015758499999999443,1.8113528309450846,23.161722045352587,0
0.01575949999999944,1.6927725713267243,23.17250952335083,0
0.01576049999999944,1.6913628760542163,23.085430268285766,1
0.015761499999999443,1.8096123786675204,23.065016040917826,1
0.01576249999999944,1.9277436908827779,23.044619865657687,1
0.015763499999999438,2.0457569308317245,23.02424172654201,1
0.01576449999999944,2.1636522165280168,23.00388160762152,1
0.01576549999999944,2.1670833773436287,23.114178811969193,0
0.015766499999999437,2.0485345987769294,23.132560034015054,0
0.015767499999999435,1.9299489804741754,23.148406769905424,0
0.015768499999999436,1.8113528471078242,23.16172207127356,0
0.015769499999999437,1.6927725872098143,23.17250954957509,0
0.015770499999999434,1.6913628917860375,23.085430293864995,1
0.015771499999999432,1.809612394383208,23.065016066474495,1
0.015772499999999433,1.9277437065831693,23.044619891191715,1
0.015773499999999434,2.045756946516833,23.02424175205338,1
0.01577449999999943,2.16365223219704,23.003881633110414,1
0.01577549999999943,2.167083392894918,23.114178838367096,0
0.01577649999999943,2.048534614044983,23.132560060702613,0
0.01577749999999943,1.929948995456331,23.14840679687617,0
0.01577849999999943,1.8113528618023016,23.16172209852093,0
0.015779499999999426,1.6927726016140663,23.172509577092608,0
0.015780499999999427,1.6913629060333284,23.085430320793286,1
0.015781499999999428,1.809612408616668,23.065016093378915,1
0.015782499999999425,1.9277437208019916,23.044619918072435,1
0.015783499999999423,2.0457569607210346,23.02424177891041,1
0.015784499999999424,2.163652246387453,23.003881659943616,1
0.015785499999999425,2.1670834069137803,23.114178866024353,0
0.015786499999999423,2.0485346277707395,23.132560088615133,0
0.01578749999999942,1.9299490088866893,23.14840682503739,0
0.01578849999999942,1.811352874934211,23.16172212692434,0
0.015789499999999422,1.6927726144453543,23.17250960573149,0
0.01579049999999942,1.6913629187045425,23.085430348904367,1
0.015791499999999417,1.8096124212748064,23.065016121465202,1
0.015792499999999418,1.9277437334478904,23.044619946133782,1
0.01579349999999942,2.045756973354701,23.02424180694688,1
0.015794499999999417,2.163652259008086,23.003881687955367,1
0.015795499999999414,2.167083419408547,23.114178894759252,0
0.015796499999999415,2.0485346399626985,23.132560117571543,0
0.015797499999999416,1.9299490207739103,23.1484068542086,0
0.015798499999999414,1.811352886515646,23.16172215630345,0
0.01579949999999941,1.6927726257191973,23.172509635311744,0
0.015800499999999412,1.6913629298144879,23.08543037801607,1
0.015801499999999413,1.809612432374058,23.065016150551106,1
0.01580249999999941,1.9277437445356371,23.04461997519405,1
0.01580349999999941,2.045756984430958,23.02424183598151,1
0.01580449999999941,2.163652270073681,23.003881716964244,1
0.01580549999999941,2.167083430296218,23.114178924401948,0
0.015806499999999408,2.048534650541303,23.13256014740034,0
0.015807499999999405,1.929949031041889,23.148406884216687,0
0.015808499999999406,1.8113528964706846,23.161722186484063,0
0.015809499999999407,1.6927726353598704,23.172509665657955,0
0.015810499999999405,1.691362939290003,23.085430407957855,1
0.015811499999999402,1.8096124418396924,23.065016180466472,1
0.015812499999999403,1.927743753992221,23.044620005082866,1
0.015813499999999404,2.045756993878499,23.02424186584383,1
0.015814499999999402,2.1636522795113686,23.003881746800197,1
0.0158154999999994,2.1670834396034238,23.114178954767524,0
0.0158164999999994,2.0485346595333502,23.13256017791763,0
0.0158174999999994,1.9299490397175834,23.14840691487875,0
0.0158184999999994,1.8113529048297203,23.161722217283916,0
0.015819499999999397,1.6927726434011856,23.1725096965887,0
0.015820499999999398,1.6913629471641787,23.0854304385454,1
0.0158214999999994,1.8096124497064068,23.065016211026894,1
0.015822499999999396,1.9277437618506617,23.044620035616365,1
0.015823499999999394,2.045757001728675,23.024241896350354,1
0.015824499999999395,2.163652287354108,23.00388177727969,1
0.015825499999999396,2.167083447265406,23.114178985685495,0
0.015826499999999393,2.0485346668775093,23.132560208951542,0
0.01582749999999939,1.9299490467430964,23.148406946021723,0
0.01582849999999939,1.811352911535014,23.161722248529152,0
0.015829499999999393,1.692772649785574,23.172509727929313,0
0.01583049999999939,1.691362953386405,23.085430469607612,1
0.015831499999999388,1.8096124559220041,23.065016242061734,1
0.01583249999999939,1.927743768060458,23.044620066623683,1
0.01583349999999939,2.045757007932676,23.024241927330195,1
0.015834499999999387,2.1636522935514995,23.00388180823218,1
0.015835499999999385,2.167083453307812,23.114179016974287,0
0.015836499999999386,2.0485346725995632,23.132560240321602,0
0.015837499999999387,1.9299490521443414,23.148406977466177,0
0.015838499999999384,1.8113529166158813,23.161722280040976,0
0.015839499999999382,1.6927726545457429,23.172509759501644,0
0.015840499999999383,1.6913629579746,23.085430500965817,1
0.015841499999999384,1.8096124605060246,23.065016273392125,1
0.01584249999999938,1.9277437726394877,23.044620097926433,1
0.01584349999999938,2.0457570125067193,23.02424195860535,1
0.01584449999999938,2.1636522981213795,23.003881839479636,1
0.01584549999999938,2.1670834577460076,23.114179048457597,0
0.01584649999999938,2.048534676718263,23.132560271851855,0
0.015847499999999376,1.9299490559434445,23.14840700903654,0
0.015848499999999377,1.8113529200945295,23.161722311644755,0
0.015849499999999378,1.6927726577039703,23.17250979113194,0
0.015850499999999376,1.6913629609683958,23.085430532443326,1
0.015851499999999373,1.8096124634964184,23.065016304841865,1
0.015852499999999374,1.9277437756272993,23.04462012934828,1
0.015853499999999375,2.0457570154919535,23.024241989999375,1
0.015854499999999373,2.16365230110322,23.003881870845966,1
0.01585549999999937,2.1670834605500717,23.11417907996918,0
0.01585649999999937,2.048534679203751,23.13256030337589,0
0.015857499999999372,1.9299490581106016,23.148407040566255,0
0.01585849999999937,1.8113529219445017,23.16172234317329,0
0.015859499999999367,1.6927726592371501,23.172509822652653,0
0.015860499999999368,1.691362962338654,23.085430563876127,1
0.01586149999999937,1.8096124648657164,23.06501633624676,1
0.015862499999999367,1.9277437769948202,23.044620160725472,1
0.015863499999999364,2.045757016857697,23.024242021348886,1
0.015864499999999365,2.16365230246801,23.0038819021677,1
0.015865499999999366,2.1670834617870747,23.114179111334106,0
0.015866499999999364,2.0485346801263944,23.132560334720228,0
0.01586749999999936,1.929949058719474,23.148407071883376,0
0.015868499999999362,1.811352922239435,23.161722374456737,0
0.015869499999999363,1.6927726592188723,23.17250985389579,0
0.01587049999999936,1.6913629621614226,23.085430595091147,1
0.01587149999999936,1.8096124646882517,23.06501636743427,1
0.01587249999999936,1.9277437768179433,23.044620191885326,1
0.01587349999999936,2.045757016681408,23.024242052481114,1
0.015874499999999358,2.163652302291489,23.003881933272456,1
0.015875499999999355,2.167083461438228,23.114179142394807,0
0.015876499999999356,2.0485346794673602,23.132560365727382,0
0.015877499999999357,1.9299490577511793,23.148407102830504,0
0.015878499999999355,1.811352920963693,23.161722405337272,0
0.015879499999999352,1.692772657636748,23.17250988470338,0
0.015880499999999353,1.6913629604234337,23.085430625933427,1
0.015881499999999354,1.809612462952411,23.06501639824923,1
0.015882499999999352,1.9277437750834265,23.04462022267316,1
0.01588349999999935,2.0457570149482134,23.024242083241777,1
0.01588449999999935,2.1636523005604342,23.00388196400585,1
0.01588549999999935,2.1670834595863364,23.114179172986127,0
0.01588649999999935,2.0485346773126474,23.132560396233966,0
0.015887499999999347,1.9299490552948786,23.148407133246096,0
0.015888499999999348,1.8113529182062924,23.161722435655683,0
0.01588949999999935,1.6927726545796216,23.17250991491837,0
0.015890499999999346,1.6913629572159177,23.085430656240217,1
0.015891499999999344,1.8096124597476906,23.06501642852927,1
0.015892499999999345,1.9277437718823207,23.044620252926308,1
0.015893499999999346,2.045757011750716,23.024242113468112,1
0.015894499999999343,2.163652297365722,23.00388199420552,1
0.01589549999999934,2.1670834562276564,23.114179202961484,0
0.01589649999999934,2.0485346736583314,23.13256042609371,0
0.015897499999999343,1.9299490513464794,23.148407162984153,0
0.01589849999999934,1.811352913966248,23.16172246526595,0
0.015899499999999338,1.692772650049616,23.172509944394864,0
0.01590049999999934,1.6913629525400378,23.08543068586805,1
0.01590149999999934,1.8096124550768933,23.065016458130856,1
0.015902499999999337,1.9277437672157818,23.04462028250182,1
0.015903499999999335,2.045757007088434,23.024242143017528,1
0.015904499999999336,2.1636522927085107,23.003882023728778,1
0.015905499999999337,2.16708345145935,23.11417923216823,0
0.015906499999999334,2.048534668604634,23.132560455156096,0
0.015907499999999332,1.9299490460092232,23.148407191896354,0
0.015908499999999333,1.8113529083465072,23.16172249402227,0
0.015909499999999334,1.692772644149357,23.172509972989577,0
0.01591049999999933,1.6913629465007196,23.085430714667336,1
0.01591149999999933,1.8096124490432024,23.065016486904725,1
0.01591249999999933,1.9277437611885295,23.044620311250153,1
0.01591349999999933,2.045757001067615,23.024242171740365,1
0.01591449999999933,2.1636522866933015,23.00388205242627,1
0.015915499999999326,2.1670834452911847,23.11417926047369,0
0.015916499999999327,2.048534662160978,23.13256048328903,0
0.015917499999999328,1.92994903929219,23.148407219851176,0
0.015918499999999326,1.811352901359101,23.161722521793394,0
0.015919499999999323,1.692772636893819,23.172510000571556,0
0.015920499999999324,1.6913629391163012,23.085430742508414,1
0.015921499999999325,1.8096124416665749,23.065016514721098,1
0.015922499999999323,1.9277437538188655,23.044620339042012,1
0.01592349999999932,2.045756993704908,23.024242199507732,1
0.01592449999999932,2.16365227933836,23.00388208016901,1
0.015925499999999322,2.167083437813911,23.11417928774244,0
0.01592649999999932,2.048534654421008,23.132560510358992,0
0.015927499999999317,1.9299490312918923,23.148407246717117,0
0.015928499999999318,1.811352893100084,23.1617225484502,0
0.01592949999999932,1.6927726283785791,23.17251002701405,0
0.015930499999999317,1.6913629304705307,23.085430769261176,1
0.015931499999999314,1.809612433029035,23.065016541450298,1
0.015932499999999315,1.9277437451903705,23.04462036574751,1
0.015933499999999316,2.045756985085445,23.024242226189546,1
0.015934499999999314,2.163652270727104,23.003882106827287,1
0.01593549999999931,2.1670834291114622,23.114179313849743,0
0.015936499999999312,2.0485346454681492,23.132560536243467,0
0.015937499999999313,1.9299490220912316,23.14840727237377,0
0.01593849999999931,1.8113528836551045,23.16172257387404,0
0.01593949999999931,1.6927726186920067,23.172510052200284,0
0.01594049999999931,1.6913629206654848,23.08543079480346,1
0.01594149999999931,1.8096124232342,23.06501656696991,1
0.015942499999999308,1.9277437354049143,23.0446203912446,1
0.015943499999999305,2.0457569753093616,23.024242251664134,1
0.015944499999999306,2.1636522609612028,23.00388213227929,1
0.015945499999999307,2.167083419212435,23.114179338688242,0
0.015946499999999305,2.0485346353336875,23.132560560835575,0
0.015947499999999303,1.9299490117241627,23.148407296714893,0
0.015948499999999304,1.8113528730574926,23.161722597959752,0
0.015949499999999305,1.6927726078667933,23.17251007602609,0
0.015950499999999302,1.6913629097307334,23.08543081903215,1
0.0159514999999993,1.809612412309968,23.06501659117727,1
0.0159524999999993,1.927743724492012,23.044620415430494,1
0.0159534999999993,2.0457569644077753,23.024242275828588,1
0.0159544999999993,2.1636522500701014,23.003882156422453,1
0.015955499999999297,2.167083408245327,23.11417936214653,0
0.015956499999999298,2.0485346241454216,23.13256058402705,0
0.0159574999999993,1.9299490003177628,23.14840731963529,0
0.015958499999999296,1.8113528614368593,23.16172262060479,0
0.015959499999999294,1.6927725960350595,23.17251009839164,0
0.015960499999999295,1.6913628977971484,23.085430841840296,1
0.015961499999999296,1.8096124003887175,23.06501661396516,1
0.015962499999999293,1.9277437125822647,23.044620438198294,1
0.01596349999999929,2.0457569525095245,23.024242298576304,1
0.015964499999999292,2.1636522381841528,23.00388217914997,1
0.015965499999999293,2.1670833962422567,23.11417938413628,0
0.01596649999999929,2.04853461193796,23.132560605730173,0
0.015967499999999288,1.929948987909118,23.148407341047918,0
0.01596849999999929,1.8113528488294703,23.16172264172316,0
0.01596949999999929,1.692772583232238,23.172510119212024,0
0.015970499999999287,1.6913628849021538,23.08543086314363,1
0.015971499999999285,1.8096123875062056,23.065016635249755,1
0.015972499999999286,1.9277436997130408,23.044620459463996,1
0.015973499999999287,2.045756939653571,23.024242319823156,1
0.015974499999999284,2.1636522253406385,23.003882200378133,1
0.015975499999999282,2.1670833833394125,23.114179404565476,0
0.015976499999999283,2.0485345988465977,23.132560625856126,0
0.015977499999999284,1.9299489746326028,23.148407360867086,0
0.01597849999999928,1.811352835372033,23.161722661231998,0
0.01597949999999928,1.692772569597336,23.172510138407183,0
0.01598049999999928,1.6913628711834119,23.08543088285487,1
0.01598149999999928,1.8096123738015835,23.065016654943477,1
0.01598249999999928,1.9277436860217056,23.04462047914036,1
0.015983499999999276,2.045756925975509,23.02424233948219,1
0.015984499999999277,2.1636522116766583,23.00388222001967,1
0.015985499999999278,2.1670833695755762,23.114179423366124,0
0.015986499999999276,2.0485345849123964,23.13256064433765,0
0.015987499999999273,1.9299489605315372,23.148407379026352,0
0.015988499999999274,1.8113528211068284,23.161722679066074,0
0.015989499999999275,1.6927725551715906,23.17251015591307,0
0.015990499999999273,1.6913628566840235,23.085430900910318,1
0.01599149999999927,1.8096123593162776,23.065016672982992,1
0.01599249999999927,1.927743671551287,23.044620497163866,1
0.015993499999999272,2.0457569115199656,23.02424235748971,1
0.01599449999999927,2.163652197235151,23.003882238011382,1
0.015995499999999267,2.167083355092492,23.11417944046674,0
0.015996499999999268,2.0485345702759874,23.13256066110658,0
0.01599749999999927,1.9299489457454206,23.148407395460836,0
0.015998499999999267,1.8113528061754796,23.16172269516337,0
0.015999499999999264,1.6927725400987055,23.172510171670602,0
0.016000499999999265,1.6913628415506596,23.0854309172428,1
0.016001499999999266,1.8096123441984504,23.065016689300986,1
0.016002499999999264,1.9277436564481614,23.044620513467525,1
0.01600349999999926,2.04575689643153,23.02424237377902,1
0.016004499999999262,2.1636521821622066,23.003882254286175,1
0.016005499999999263,2.167083339962893,23.114179455817,0
0.01600649999999926,2.0485345550121608,23.132560676113957,0
0.01600749999999926,1.9299489303510795,23.14840741012304,0
0.01600849999999926,1.811352790653543,23.16172270947823,0
0.01600949999999926,1.692772524452955,23.172510185635954,0
0.016010499999999258,1.6913628258452824,23.085430931808872,1
0.016011499999999255,1.8096123285083618,23.065016703854248,1
0.016012499999999256,1.9277436407741642,23.04462052800784,1
0.016013499999999257,2.0457568807736055,23.024242388306376,1
0.016014499999999255,2.163652166519525,23.003882268800755,1
0.016015499999999253,2.167083324248603,23.114179469377493,0
0.016016499999999254,2.0485345391814214,23.132560689322,0
0.016017499999999255,1.9299489144076725,23.14840742297669,0
0.016018499999999252,1.8113527746021139,23.161722721975554,0
0.01601949999999925,1.6927725082973544,23.172510197775214,0
0.01602049999999925,1.6913628096442388,23.085430944570415,1
0.01602149999999925,1.8096123123239185,23.06501671660445,1
0.01602249999999925,1.9277436246054864,23.044620540746823,1
0.016023499999999247,2.045756864620677,23.024242401034186,1
0.016024499999999248,2.163652150383149,23.00388228151726,1
0.01602549999999925,2.1670833080975758,23.11417948110722,0
0.016026499999999246,2.0485345229335894,23.132560700692636,0
0.016027499999999244,1.9299488980668646,23.148407433986748,0
0.016028499999999245,1.8113527581713682,23.161722732623655,0
0.016029499999999246,1.6927724917805613,23.172510208060007,0
0.016030499999999243,1.6913627930926103,23.085430955492175,1
0.01603149999999924,1.809612295788424,23.065016727516632,1
0.016032499999999242,1.9277436080869323,23.044620551649306,1
0.016033499999999243,2.0457568481190425,23.024242411926924,1
0.01603449999999924,2.163652133897599,23.00388229240041,1
0.016035499999999238,2.167083291559086,23.114179490989763,0
0.01603649999999924,2.048534506316402,23.132560710210768,0
0.01603749999999924,1.9299488813748427,23.148407443139327,0
0.016038499999999237,1.81135274140922,23.16172274140957,0
0.016039499999999235,1.6927724749522026,23.172510216478393,0
0.016040499999999236,1.6913627762383427,23.085430964562534,1
0.016041499999999237,1.8096122789514126,23.065016736578915,1
0.016042499999999234,1.9277435912663383,23.044620560703635,1
0.016043499999999232,2.0457568313148533,23.024242420973344,1
0.016044499999999233,2.163652117110614,23.003882301438786,1
0.016045499999999234,2.167083274776101,23.114179499006525,0
0.01604649999999923,2.048534489474473,23.132560717860603,0
0.01604749999999923,1.9299488644778398,23.148407450421534,0
0.01604849999999923,1.8113527244602061,23.161722748323644,0
0.01604949999999923,1.6927724579550838,23.17251022302378,0
0.01605049999999923,1.691362759225801,23.08543097176712,1
0.016051499999999226,1.809612261955465,23.065016743777193,1
0.016052499999999227,1.9277435742877875,23.04462056789548,1
0.016053499999999228,2.0457568143536813,23.02424242815874,1
0.016054499999999226,2.1636521001659856,23.003882308617865,1
0.016055499999999223,2.1670832577970502,23.114179505161847,0
0.016056499999999224,2.0485344724544894,23.132560723647725,0
0.016057499999999225,1.929948847420782,23.148407455840147,0
0.016058499999999223,1.8113527073707691,23.161722753373496,0
0.01605949999999922,1.692772440837161,23.172510227704656,0
0.01606049999999922,1.6913627421011557,23.085430977114708,1
0.016061499999999222,1.8096122448483456,23.065016749119962,1
0.01606249999999922,1.9277435571973567,23.044620573233598,1
0.016063499999999217,2.0457567972799215,23.024242433492205,1
0.01606449999999922,2.1636520831096995,23.003882313946573,1
0.01606549999999922,2.1670832407630627,23.114179509456996,0
0.016066499999999217,2.04853445539904,23.13256072757617,0
0.016067499999999214,1.9299488303476868,23.14840745940201,0
0.016068499999999215,1.8113526902830372,23.16172275656901,0
0.016069499999999216,1.6927724237386397,23.17251023053409,0
0.016070499999999214,1.6913627250060945,23.085430980610663,1
0.01607149999999921,1.8096122277699602,23.06501675261288,1
0.016072499999999212,1.927743540136449,23.04462057672331,1
0.016073499999999213,2.0457567802364762,23.024242436978792,1
0.01607449999999921,2.1636520660828817,23.003882317430143,1
0.01607549999999921,2.1670832237197866,23.114179511916046,0
0.01607649999999921,2.04853443835182,23.1325607296712,0
0.01607749999999921,1.929948813300299,23.14840746113348,0
0.016078499999999208,1.8113526732400844,23.161722757937362,0
0.016079499999999206,1.6927724067039078,23.172510231539977,0
0.016080499999999207,1.6913627079831046,23.085430982283402,1
0.016081499999999208,1.8096122107643935,23.065016754284063,1
0.016082499999999205,1.9277435231474727,23.04462057839311,1
0.016083499999999203,2.0457567632640705,23.02424243864716,1
0.016084499999999204,2.1636520491278453,23.003882319096967,1
0.016085499999999205,2.1670832068046275,23.114179512559563,0
0.016086499999999202,2.048534421451518,23.132560729955927,0
0.0160874999999992,1.9299487964185502,23.14840746106028,0
0.0160884999999992,1.8113526563797624,23.16172275750732,0
0.0160894999999992,1.6927723898687144,23.17251023075406,0
0.0160904999999992,1.6913626911737418,23.085430982156396,1
0.016091499999999197,1.809612193971423,23.06501675415726,1
0.016092499999999198,1.9277435063716948,23.044620578266354,1
0.0160934999999992,2.045756746505471,23.02424243852048,1
0.016094499999999196,2.16365203238559,23.003882318970444,1
0.016095499999999194,2.167083190088051,23.114179511427043,0
0.016096499999999195,2.048534404766473,23.132560728471642,0
0.016097499999999196,1.929948779768636,23.148407459225428,0
0.016098499999999193,1.811352639769402,23.161722755323044,0
0.01609949999999919,1.6927723733015112,23.17251022822173,0
0.016100499999999192,1.691362674630412,23.085430980275994,1
0.016101499999999193,1.809612177445038,23.06501675227846,1
0.01610249999999919,1.9277434898614174,23.04462057638928,1
0.016103499999999188,2.0457567300112864,23.024242436645103,1
0.01610449999999919,2.1636520159083035,23.003882317096704,1
0.01610549999999919,2.167083173618657,23.11417950856801,0
0.016106499999999187,2.0485343883463663,23.132560725268487,0
0.016107499999999185,1.929948763401317,23.148407455679706,0
0.016108499999999186,1.8113526234575483,23.161722751436532,0
0.016109499999999187,1.6927723570486164,23.1725102239961,0
0.016110499999999185,1.6913626584156298,23.08543097669126,1
0.016111499999999182,1.809612161246054,23.065016748696948,1
0.016112499999999183,1.9277434736790355,23.044620572810864,1
0.016113499999999184,2.0457567138454884,23.024242433069798,1
0.01611449999999918,2.163651999758255,23.00388231352459,1
0.01611549999999918,2.167083157533567,23.11417950402693,0
0.01611649999999918,2.048534372326064,23.132560720394064,0
0.01611749999999918,1.929948747449175,23.148407450473798,0
0.01611849999999918,1.8113526075777535,23.161722745900967,0
0.016119499999999176,1.6927723412445266,23.17251021813292,0
0.016120499999999177,1.6913626426566266,23.085430971451963,1
0.016121499999999178,1.809612145503212,23.065016743462202,1
0.016122499999999176,1.9277434579515182,23.044620567580818,1
0.016123499999999173,2.0457566981332804,23.02424242784445,1
0.016124499999999174,2.1636519840621573,23.00388230830379,1
0.016125499999999175,2.1670831418605085,23.114179497871692,0
0.016126499999999173,2.0485343567342307,23.13256071391645,0
0.01612749999999917,1.9299487319418078,23.14840744367603,0
0.01612849999999917,1.8113525921572526,23.161722738785386,0
0.016129499999999172,1.6927723259141103,23.172510210701894,0
0.01613049999999917,1.6913626273794862,23.08543096462852,1
0.016131499999999167,1.8096121302409305,23.06501673664489,1
0.01613249999999917,1.927743442704903,23.044620560769474,1
0.01613349999999917,2.045756682902315,23.024242421039038,1
0.016134499999999167,2.1636519688460045,23.00388230150446,1
0.016135499999999164,2.167083126723675,23.114179490163203,0
0.016136499999999165,2.048534341692649,23.132560705899373,0
0.016137499999999166,1.929948716998559,23.14840743535285,0
0.016138499999999164,1.8113525773162236,23.161722730158544,0
0.01613949999999916,1.6927723111783488,23.172510201774024,0
0.016140499999999162,1.6913626127031018,23.085430956285624,1
0.016141499999999163,1.8096121155796263,23.065016728309292,1
0.01614249999999916,1.9277434280578403,23.044620552441327,1
0.01614349999999916,2.045756668269482,23.02424241271833,1
0.01614449999999916,2.1636519542282087,23.00388229319107,1
0.01614549999999916,2.167083112142451,23.114179480983587,0
0.016146499999999158,2.0485343272215104,23.132560696424985,0
0.016147499999999156,1.9299487026404183,23.148407425586477,0
0.016148499999999157,1.81135256307316,23.161722720103082,0
0.016149499999999158,1.6927722970532455,23.17251019143233,0
0.016150499999999155,1.6913625986446366,23.085430946507056,1
0.016151499999999153,1.8096121015348006,23.06501671853946,1
0.016152499999999154,1.9277434140274627,23.044620542680054,1
0.016153499999999155,2.045756654253535,23.024242402965623,1
0.016154499999999152,2.1636519402258645,23.00388228344706,1
0.01615549999999915,2.167083098232056,23.1141794704068,0
0.01615649999999915,2.0485343134335,23.132560685569807,0
0.01615749999999915,1.929948688977528,23.1484074144559,0
0.01615849999999915,1.8113525495389264,23.161722708700097,0
0.016159499999999147,1.6927722836503611,23.17251017976006,0
0.016160499999999148,1.6913625853135101,23.085430935369825,1
0.01616149999999915,1.80961208821741,23.06501670741198,1
0.016162499999999146,1.927743400722973,23.044620531562483,1
0.016163499999999144,2.045756640961936,23.02424239185795,1
0.016164499999999145,2.1636519269479546,23.003882272349113,1
0.016165499999999146,2.167083085002395,23.11417945852638,0
0.016166499999999143,2.048534300339224,23.132560673427232,0
0.01616749999999914,1.9299486760211924,23.148407402054435,0
0.016168499999999142,1.8113525367222314,23.161722696043146,0
0.016169499999999143,1.6927722709758095,23.172510166850977,0
0.01617049999999914,1.6913625727169475,23.08543092296955,1
0.016171499999999138,1.8096120756330274,23.065016695022734,1
0.01617249999999914,1.927743388151578,23.044620519184136,1
0.01617349999999914,2.0457566284035162,23.024242379490463,1
0.016174499999999137,2.1636519144016804,23.00388225999264,1
0.016175499999999135,2.167083072558774,23.114179445427574,0
0.016176499999999136,2.0485342880413673,23.13256066008481,0
0.016177499999999137,1.929948663871448,23.148407388471817,0
0.016178499999999135,1.8113525247237408,23.16172268222377,0
0.016179499999999132,1.6927722591308636,23.17251015279838,0
0.016180499999999133,1.6913625609584582,23.085430909392652,1
0.016181499999999134,1.8096120638866984,23.065016681457795,1
0.01618249999999913,1.9277433764165801,23.044620505631237,1
0.01618349999999913,2.0457566166798364,23.024242365949632,1
0.01618449999999913,2.163651902690123,23.003882246463718,1
0.01618549999999913,2.167083060930194,23.114179431210257,0
0.01618649999999913,2.0485342765695393,23.132560645642663,0
0.016187499999999126,1.9299486525585066,23.148407373808507,0
0.016188499999999127,1.8113525135709745,23.161722667343057,0
0.016189499999999128,1.6927722481403513,23.172510137703995,0
0.016190499999999126,1.6913625500498857,23.085430894743215,1
0.016191499999999123,1.8096120529886208,23.065016666821343,1
0.016192499999999124,1.9277433655298046,23.044620491007656,1
0.016193499999999125,2.045756605804353,23.024242351338895,1
0.016194499999999123,2.1636518918251024,23.003882231865987,1
0.01619549999999912,2.1670830501279816,23.114179415979066,0
0.01619649999999912,2.0485342659323598,23.132560630205763,0
0.016197499999999122,1.929948642088294,23.14840735816972,0
0.01619849999999912,1.8113525032704487,23.16172265150611,0
0.016199499999999117,1.6927722380113814,23.17251012167279,0
0.01620049999999912,1.6913625400110273,23.08543087912398,1
0.01620149999999912,1.8096120429602067,23.065016651215906,1
0.016202499999999117,1.927743355511004,23.04462047541609,1
0.016203499999999114,2.0457565957951576,23.024242335761198,1
0.016204499999999115,2.1636518818263197,23.00388221630196,1
0.016205499999999116,2.1670830402431567,23.11417939982947,0
0.016206499999999114,2.0485342562214304,23.132560613871117,0
0.01620749999999911,1.9299486325529667,23.148407341653954,0
0.016208499999999113,1.811352493911575,23.161722634813337,0
0.016209499999999114,1.6927722288306009,23.172510104806978,0
0.01621049999999911,1.6913625309243645,23.0854308626327,1
0.01621149999999911,1.809612033882215,23.06501663473923,1
0.01621249999999911,1.927743346442497,23.044620458953936,1
0.01621349999999911,2.0457565867361214,23.024242319313522,1
0.016214499999999108,2.1636518727759317,23.003882199868915,1
0.016215499999999106,2.167083031262039,23.11417938287393,0
0.016216499999999107,2.048534247420321,23.13256059675091,0
0.016217499999999108,1.9299486239333556,23.148407324373146,0
0.016218499999999105,1.811352485475735,23.16172261737589,0
0.016219499999999103,1.6927722205799485,23.17251008721706,0
0.016220499999999104,1.691362522769612,23.085430845382636,1
0.016221499999999105,1.809612025736024,23.065016617504348,1
0.016222499999999102,1.9277433383040359,23.044620441734352,1
0.0162234999999991,2.0457565786053853,23.024242302109283,1
0.0162244999999991,2.163651864653726,23.003882182679796,1
0.016225499999999102,2.1670830232591465,23.114179365213975,0
0.0162264999999991,2.0485342396040878,23.132560578947917,0
0.016227499999999097,1.929948616305038,23.148407306431295,0
0.016228499999999098,1.8113524780357297,23.161722599299477,0
0.0162294999999991,1.6927722133294367,23.172510069010247,0
0.016230499999999096,1.6913625156178518,23.08543082747598,1
0.016231499999999094,1.8096120185910027,23.065016599613624,1
0.016232499999999095,1.927743331166569,23.0446204238594,1
0.016233499999999096,2.0457565714754615,23.024242284250075,1
0.016234499999999093,2.163651857530523,23.00388216483648,1
0.01623549999999909,2.1670830162094896,23.114179346965564,0
0.016236499999999092,2.048534232744967,23.132560560577627,0
0.016237499999999093,1.9299486096374878,23.148407287943364,0
0.01623849999999909,1.8113524715615676,23.16172258069802,0
0.016239499999999088,1.6927722070496152,23.17251005029951,0
0.01624049999999909,1.6913625094374027,23.085430809028924,1
0.01624149999999909,1.8096120124171413,23.065016581182796,1
0.016242499999999088,1.9277433249984655,23.04462040544492,1
0.016243499999999085,2.045756565313113,23.0242422658519,1
0.016244499999999086,2.1636518513747425,23.003882146454515,1
0.016245499999999087,2.1670830101761926,23.114179328232197,0
0.016246499999999085,2.0485342269066162,23.13256054174451,0
0.016247499999999082,1.929948603994885,23.148407269014733,0
0.016248499999999083,1.811352466114649,23.161722561678275,0
0.016249499999999084,1.692772201799099,23.172510031192925,0
0.01625049999999908,1.6913625042879612,23.08543079014503,1
0.01625149999999908,1.8096120072724347,23.06501656231566,1
0.01625249999999908,1.927743319859313,23.04462038659439,1
0.01625349999999908,2.045756560179508,23.024242247017984,1
0.01625449999999908,2.16365184624586,23.0038821276373,1
0.016255499999999076,2.1670830051229135,23.114179309130794,0
0.016256499999999077,2.048534222049929,23.13256052256473,0
0.016257499999999078,1.9299485993353664,23.148407249760872,0
0.016258499999999076,1.811352461653656,23.16172254235449,0
0.016259499999999073,1.6927721975371244,23.172510011803542,0
0.016260499999999074,1.6913625001309596,23.085430770940267,1
0.016261499999999075,1.809612003119999,23.06501654312785,1
0.016262499999999073,1.927743315710617,23.044620367423622,1
0.01626349999999907,2.045756556034549,23.024242227864214,1
0.01626449999999907,2.1636518421054545,23.003882108500417,1
0.016265499999999072,2.167083001082561,23.114179289766884,0
0.01626649999999907,2.048534218208365,23.13256050314413,0
0.016267499999999067,1.9299485956929405,23.148407230287827,0
0.01626849999999907,1.8113524582098506,23.16172252283345,0
0.01626949999999907,1.6927721942922027,23.172509992238805,0
0.016270499999999067,1.6913624969819547,23.085430751521386,1
0.016271499999999064,1.8096119999737337,23.06501652372618,1
0.016272499999999065,1.927743312567906,23.04462034803905,1
0.016273499999999066,2.045756552895388,23.024242208496744,1
0.016274499999999064,2.1636518389690207,23.00388208915013,1
0.01627549999999906,2.1670829980701205,23.114179270247643,0
0.016276499999999063,2.048534215394167,23.13256048359029,0
0.016277499999999064,1.9299485930771085,23.148407210703624,0
0.01627849999999906,1.811352455793288,23.16172250322304,0
0.01627949999999906,1.6927721920749446,23.172509972606388,0
0.01628049999999906,1.6913624948642365,23.085430731993416,1
0.01628149999999906,1.8096119978585392,23.06501650421541,1
0.016282499999999058,1.927743310454418,23.04462032854562,1
0.016283499999999056,2.045756550783604,23.02424218902062,1
0.016284499999999057,2.1636518368597564,23.003882069691155,1
0.016285499999999058,2.1670829960347366,23.114179250686778,0
0.016286499999999055,2.048534213557063,23.132560464015416,0
0.016287499999999053,1.9299485914381922,23.14840719111906,0
0.016288499999999054,1.8113524543516006,23.16172248363301,0
0.016289499999999055,1.692772190830307,23.172509953015094,0
0.016290499999999052,1.6913624937186633,23.08543071246943,1
0.01629149999999905,1.8096119967137008,23.06501648470877,1
0.01629249999999905,1.9277433093111322,23.04462030905615,1
0.016293499999999052,2.045756549641869,23.024242169548288,1
0.01629449999999905,2.1636518357187535,23.00388205023614,1
0.016295499999999047,2.1670829950155803,23.114179231182604,0
0.016296499999999048,2.0485342127335437,23.1325604445188,0
0.01629749999999905,1.9299485908099967,23.14840717163409,0
0.016298499999999046,1.8113524539191976,23.161722464163706,0
0.016299499999999044,1.6927721905932993,23.172509933565593,0
0.016300499999999045,1.6913624935780809,23.085430693046717,1
0.016301499999999046,1.8096119965736701,23.065016465303174,1
0.016302499999999043,1.9277433091708331,23.04462028966778,1
0.01630349999999904,2.045756549501304,23.024242150177137,1
0.016304499999999042,2.163651835578739,23.003882030882007,1
0.016305499999999043,2.167082994946332,23.11417921184474,0
0.01630649999999904,2.0485342128579225,23.132560425208194,0
0.016307499999999038,1.929948591127488,23.148407152354753,0
0.01630849999999904,1.8113524544284245,23.16172244491982,0
0.01630949999999904,1.6927721912936604,23.17250991436115,0
0.016310499999999038,1.6913624943733876,23.08543067383304,1
0.016311499999999035,1.8096119973677722,23.065016446106565,1
0.016312499999999036,1.927743309964551,23.044620270488064,1
0.016313499999999037,2.0457565502946355,23.02424213101432,1
0.016314499999999035,2.163651836370868,23.003882011736227,1
0.016315499999999032,2.1670829958562567,23.114179192765747,0
0.016316499999999033,2.0485342139568563,23.132560406176896,0
0.016317499999999034,1.9299485924147146,23.148407133375116,0
0.01631849999999903,1.8113524559040002,23.161722425995595,0
0.01631949999999903,1.6927721929567845,23.172509895496255,0
0.01632049999999903,1.691362496127876,23.085430654920046,1
0.01632149999999903,1.8096119991209154,23.065016427210196,1
0.01632249999999903,1.9277433117155314,23.044620251608464,1
0.016323499999999026,2.0457565520434584,23.024242112151505,1
0.016324499999999027,2.163651838118356,23.003881992890005,1
0.01632549999999903,2.1670829976695383,23.11417917404861,0
0.016326499999999026,2.0485342159552404,23.13256038752591,0
0.016327499999999023,1.9299485945972958,23.148407114794043,0
0.016328499999999024,1.8113524582690104,23.16172240748842,0
0.016329499999999025,1.6927721955032344,23.17250987706663,0
0.016330499999999023,1.691362498763313,23.08543063640821,1
0.01633149999999902,1.8096120017533093,23.06501640871483,1
0.01633249999999902,1.9277433143457046,23.044620233129383,1
0.016333499999999022,2.0457565546714096,23.02424209368869,1
0.01633449999999902,2.163651840743268,23.003881974443615,1
0.016335499999999017,2.167083000406445,23.114179155778256,0
0.01633649999999902,2.0485342188708264,23.132560369340684,0
0.01633749999999902,1.9299485976904664,23.148407096697625,0
0.016338499999999017,1.8113524615394556,23.1617223894843,0
0.016339499999999015,1.692772198949776,23.172509859158477,0
0.016340499999999016,1.6913625022944159,23.085430618381167,1
0.016341499999999017,1.8096120052812938,23.06501639070366,1
0.016342499999999014,1.9277433178697536,23.044620215134213,1
0.01634349999999901,2.045756558191528,23.02424207570952,1
0.016344499999999013,2.1636518442602743,23.00388195648024,1
0.016345499999999014,2.1670830039826385,23.114179138049245,0
0.01634649999999901,2.048534222620081,23.132560351713618,0
0.01634749999999901,1.9299486016115208,23.14840707917605,0
0.01634849999999901,1.811352465630183,23.161722372071758,0
0.01634949999999901,1.692772203208835,23.172509841858375,0
0.016350499999999008,1.6913625066392661,23.08543060093021,1
0.016351499999999006,1.8096120096213906,23.06501637326819,1
0.016352499999999007,1.9277433222059215,23.044620197714124,1
0.016353499999999008,2.045756562523771,23.02424205830473,1
0.016354499999999005,2.163651848587778,23.003881939090917,1
0.016355499999999003,2.1670830083913435,23.11417912093952,0
0.016356499999999004,2.04853422719381,23.132560334722672,0
0.016357499999999005,1.9299486063488487,23.14840706230715,0
0.016358499999999002,1.8113524705304698,23.1617223553281,0
0.016359499999999,1.6927722082705747,23.172509825243253,0
0.016360499999999,1.6913625117719984,23.085430584133018,1
0.016361499999999002,1.8096120147494015,23.06501635648575,1
0.016362499999999,1.9277433273283986,23.044620180946588,1
0.016363499999998997,2.0457565676407174,23.0242420415521,1
0.016364499999998998,2.163651853700022,23.003881922353052,1
0.016365499999999,2.167083013603189,23.114179104525213,0
0.016366499999998996,2.0485342325635663,23.13256031844296,0
0.016367499999998994,1.9299486118749343,23.148407046165175,0
0.016368499999998995,1.8113524762104447,23.16172233932708,0
0.016369499999998996,1.6927722141027826,23.172509809386202,0
0.016370499999998993,1.691362517676589,23.085430568061827,1
0.01637149999999899,1.8096120206476805,23.06501634042887,1
0.016372499999998992,1.9277433332211906,23.044620164903836,1
0.016373499999998993,2.045756573528031,23.024242025523485,1
0.01637449999999899,2.16365185958104,23.00388190633865,1
0.016375499999998988,2.1670830195316686,23.11417908888476,0
0.01637649999999899,2.0485342386405208,23.13256030295122,0
0.01637749999999899,1.9299486180986467,23.148407030825055,0
0.016378499999998988,1.811352482579986,23.16172232414135,0
0.016379499999998985,1.6927722206163671,23.17250979435777,0
0.016380499999998986,1.6913625242567656,23.085430552792797,1
0.016381499999998987,1.8096120272216913,23.06501632517326,1
0.016382499999998985,1.9277433397882198,23.04462014966176,1
0.016383499999998982,2.0457565800880855,23.024242010294948,1
0.016384499999998983,2.163651866134946,23.00388189112356,1
0.016385499999998984,2.167083026175912,23.114179074078177,0
0.016386499999998982,2.048534245424847,23.13256028830713,0
0.01638749999999898,1.92994862502121,23.148407016346233,0
0.01638849999999898,1.811352489638085,23.16172230983051,0
0.01638949999999898,1.6927722278080832,23.172509780217464,0
0.01639049999999898,1.6913625315106824,23.08543053838348,1
0.016391499999998976,1.8096120344679467,23.06501631077679,1
0.016392499999998977,1.9277433470276426,23.04462013527798,1
0.01639349999999898,2.0457565873206813,23.024241995923827,1
0.016394499999998976,2.163651873359907,23.003881876765195,1
0.016395499999998973,2.1670830334385314,23.11417906017277,0
0.016396499999998974,2.048534252816969,23.1325602745761,0
0.016397499999998975,1.9299486325408752,23.148407002791995,0
0.016398499999998973,1.8113524972841244,23.161722296455448,0
0.01639949999999897,1.692772235578475,23.17250976702399,0
0.01640049999999897,1.691362539337008,23.08543052489866,1
0.016401499999998972,1.8096120422868618,23.065016297303814,1
0.01640249999999897,1.9277433548383347,23.044620121816973,1
0.016403499999998968,2.045756595123159,23.024241982474788,1
0.01640449999999897,2.1636518811549905,23.003881863327987,1
0.01640549999999897,2.1670830413137074,23.114179047216528,0
0.016406499999998967,2.0485342608122363,23.132560261805633,0
0.016407499999998965,1.9299486406541682,23.14840699020958,0
0.016408499999998966,1.8113525055125255,23.161722284063377,0
0.016409499999998967,1.6927722439198534,23.172509754824436,0
0.016410499999998964,1.691362547729514,23.08543051238327,1
0.01641149999999896,1.8096120506705693,23.06501628479954,1
0.016412499999998963,1.9277433632140715,23.044620109323674,1
0.016413499999998964,2.0457566034909336,23.024241969992442,1
0.01641449999999896,2.1636518895139973,23.003881850856747,1
0.01641549999999896,2.167083049699756,23.114179035264126,0
0.01641649999999896,2.0485342693068933,23.13256025004844,0
0.01641749999999896,1.9299486492552869,23.148406978649582,0
0.016418499999998958,1.8113525142187477,23.16172227270244,0
0.016419499999998956,1.6927722527289775,23.17250974366446,0
0.016420499999998957,1.6913625565831536,23.085430500889366,1
0.016421499999998958,1.8096120595157685,23.065016273315738,1
0.016422499999998955,1.927743372050019,23.044620097850103,1
0.016423499999998953,2.0457566123176405,23.024241958529082,1
0.016424499999998954,2.163651898332292,23.003881839403444,1
0.016425499999998955,2.1670830585871914,23.114179024350893,0
0.016426499999998952,2.0485342782927636,23.13256023933933,0
0.01642749999999895,1.9299486583373617,23.148406968146396,0
0.01642849999999895,1.8113525233939514,23.16172226240696,0
0.016429499999998952,1.6927722619950287,23.172509733578355,0
0.01643049999999895,1.6913625658930438,23.085430490448797,1
0.016431499999998947,1.8096120688159447,23.065016262884466,1
0.016432499999998948,1.927743381341309,23.04462008742799,1
0.01643349999999895,2.0457566216000544,23.024241948116124,1
0.016434499999998946,2.1636519076050176,23.003881828999766,1
0.016435499999998944,2.1670830679008035,23.11417901451588,0
0.016436499999998945,2.048534287692697,23.132560229715978,0
0.016437499999998946,1.9299486678213211,23.148406958736224,0
0.016438499999998944,1.8113525329604436,23.161722253211337,0
0.01643949999999894,1.6927722716417126,23.172509724598697,0
0.016440499999998942,1.6913625755670871,23.085430481100673,1
0.016441499999998943,1.809612078480728,23.065016253544528,1
0.01644249999999894,1.927743390996023,23.04462007809635,1
0.016443499999998938,2.0457566312447066,23.024241938792805,1
0.01644449999999894,2.1636519172404394,23.00388181968459,1
0.01644549999999894,2.167083077545486,23.114179005792693,0
0.016446499999998938,2.0485342974130107,23.132560221209715,0
0.016447499999998935,1.9299486776149295,23.148406950448095,0
0.016448499999998936,1.8113525428241684,23.161722245142737,0
0.016449499999998937,1.6927722815731785,23.17250971675074,0
0.016450499999998935,1.6913625855259202,23.08543047287167,1
0.016451499999998932,1.8096120884291969,23.06501624532286,1
0.016452499999998933,1.9277434009349574,23.04462006988193,1
0.016453499999998934,2.0457566411741146,23.024241930585585,1
0.016454499999998932,2.1636519271595116,23.003881811484746,1
0.01645549999999893,2.167083087517336,23.114178998195236,0
0.01645649999999893,2.0485343074480182,23.132560213834513,0
0.01645749999999893,1.92994868771072,23.14840694329617,0
0.01645849999999893,1.8113525529791739,23.1617222382149,0
0.016459499999998926,1.6927722917849843,23.172509710047933,0
0.016460499999998927,1.6913625957582066,23.085430465774955,1
0.01646149999999893,1.8096120986516668,23.065016238232374,1
0.016462499999998926,1.927743411146802,23.044620062797758,1
0.016463499999998923,2.045756651375345,23.024241923507724,1
0.016464499999998924,2.1636519373509566,23.003881804413055,1
0.016465499999998925,2.1670830977064584,23.114178991746336,0
0.016466499999998923,2.0485343176893833,23.13256020761062,0
0.01646749999999892,1.929948698001938,23.148406937298077,0
0.01646849999999892,1.811352563317016,23.16172223244338,0
0.016469499999998923,1.692772302167028,23.172509704503643,0
0.01647049999999892,1.6913626061554865,23.085430459829986,1
0.016471499999998918,1.8096121090381436,23.065016232292738,1
0.01647249999999892,1.9277434215233082,23.044620056863312,1
0.01647349999999892,2.0457566617418896,23.024241917578475,1
0.016474499999998917,2.163651947706732,23.0038817984891,1
0.016475499999998915,2.1670831081034403,23.114178986448408,0
0.016476499999998916,2.0485343281260397,23.13256020254052,0
0.016477499999998917,1.9299487084758624,23.148406932456304,0
0.016478499999998914,1.8113525738266112,23.161722227830275,0
0.01647949999999891,1.692772312709864,23.1725097001196,0
0.016480499999998913,1.6913626167067248,23.08543045503692,1
0.016481499999998914,1.8096121195792465,23.065016227503836,1
0.01648249999999891,1.9277434320534645,23.044620052078724,1
0.01648349999999891,2.0457566722611134,23.024241912798203,1
0.01648449999999891,2.1636519582158473,23.003881793713,1
0.01648549999999891,2.1670831185987085,23.114178982311575,0
0.01648649999999891,2.048534338650079,23.13256019863176,0
0.016487499999998906,1.9299487190262827,23.14840692877586,0
0.016488499999998907,1.8113525844001854,23.161722224378448,0
0.016489499999998908,1.6927723233041727,23.172509696896594,0
0.016490499999998905,1.691362627304316,23.085430451402786,1
0.016491499999998903,1.8096121301658346,23.065016223872995,1
0.016492499999998904,1.9277434426298818,23.04462004845102,1
0.016493499999998905,2.045756682827368,23.02424190917364,1
0.016494499999998902,2.1636519687711337,23.00388179009169,1
0.0164954999999989,2.1670831291837933,23.114178979325658,0
0.0164964999999989,2.04853434925151,23.132560195874216,0
0.016497499999998902,1.929948729641678,23.148406926246707,0
0.0164984999999989,1.8113525950279785,23.161722222077533,0
0.016499499999998897,1.692772333941965,23.17250969482381,0
0.016500499999998898,1.6913626379387348,23.085430448915172,1
0.0165014999999989,1.8096121407900334,23.06501622138745,1
0.016502499999998897,1.9277434532430524,23.044620045967758,1
0.016503499999998894,2.045756693429521,23.02424190669266,1
0.016504499999998895,2.1636519793630997,23.00388178761284,1
0.016505499999998896,2.1670831397507153,23.11417897748835,0
0.016506499999998894,2.048534359824155,23.132560194263053,0
0.01650749999999889,1.9299487402176967,23.148406924861455,0
0.016508499999998892,1.811352605604197,23.161722220918058,0
0.016509499999998893,1.6927723445160245,23.172509693889754,0
0.01651049999999889,1.6913626485045368,23.08543044756864,1
0.016511499999998888,1.809612151344866,23.06501622004223,1
0.01651249999999889,1.9277434637877444,23.044620044623656,1
0.01651349999999889,2.0457567039640825,23.02424190534964,1
0.016514499999998888,2.1636519898867235,23.003881786271087,1
0.016515499999998885,2.167083150293156,23.114178976777435,0
0.016516499999998886,2.0485343703602723,23.132560193776204,0
0.016517499999998887,1.92994875074518,23.148406924598216,0
0.016518499999998885,1.8113526161215585,23.161722220877788,0
0.016519499999998882,1.6927723550209473,23.17250969407188,0
0.016520499999998883,1.6913626589992588,23.085430447338467,1
0.016521499999998884,1.8096121618295102,23.06501621981217,1
0.016522499999998882,1.9277434742615,23.044620044393863,1
0.01652349999999888,2.045756714426961,23.024241905120128,1
0.01652449999999888,2.163652000339553,23.003881786041713,1
0.01652549999999888,2.1670831607352934,23.114178977175992,0
0.01652649999999888,2.048534380785957,23.13256019439495,0
0.016527499999998876,1.9299487611521535,23.148406925436472,0
0.016528499999998877,1.8113526265067343,23.16172222193493,0
0.01652949999999888,1.6927723653820663,23.17250969534712,0
0.016530499999998876,1.6913626693359902,23.085430448207813,1
0.016531499999998873,1.8096121721554985,23.065016220680874,1
0.016532499999998874,1.9277434845775756,23.04462004526169,1
0.016533499999998875,2.0457567247331343,23.024241905987118,1
0.016534499999998873,2.163652010635013,23.003881786907993,1
0.01653549999999887,2.16708317099072,23.11417897866197,0
0.01653649999999887,2.0485343910134755,23.132560196095664,0
0.016537499999998873,1.929948771349575,23.148406927351,0
0.01653849999999887,1.8113526366726984,23.16172222406221,0
0.016539499999998868,1.6927723755143849,23.17250969768621,0
0.01654049999999887,1.691362679443199,23.085430450148877,1
0.01654149999999887,1.8096121822530153,23.06501622262012,1
0.016542499999998867,1.9277434946645913,23.044620047199334,1
0.016543499999998865,2.0457567348096592,23.02424190792312,1
0.016544499999998866,2.163652020701877,23.003881788842243,1
0.016545499999998867,2.167083181060362,23.114178981196115,0
0.016546499999998864,2.048534401045794,23.13256019883896,0
0.01654749999999886,1.9299487813424507,23.148406930302336,0
0.016548499999998863,1.8113526466231922,23.16172222722054,0
0.016549499999998864,1.6927723854203869,23.17250970105027,0
0.01655049999999886,1.6913626893200073,23.085430453121766,1
0.01655149999999886,1.80961219211954,23.065016225590426,1
0.01655249999999886,1.927743504521665,23.04462005016694,1
0.01655349999999886,2.0457567446572913,23.02424191088804,1
0.01655449999999886,2.1636520305392604,23.003881791804595,1
0.016555499999998856,2.167083190848203,23.11417898474833,0
0.016556499999998857,2.0485344107856704,23.13256020259292,0
0.016557499999998858,1.9299487910323327,23.148406934256716,0
0.016558499999998855,1.8113526562618778,23.1617222313739,0
0.016559499999998853,1.6927723950058597,23.172509705401215,0
0.016560499999998854,1.6913626988708172,23.085430457094297,1
0.016561499999998855,1.809612201661217,23.065016229559394,1
0.016562499999998852,1.9277435140533952,23.04462005413246,1
0.01656349999999885,2.0457567541790844,23.024241914850112,1
0.01656449999999885,2.1636520400519412,23.00388179576309,1
0.016565499999998852,2.167083200354599,23.114178989270897,0
0.01656649999999885,2.04853442023558,23.132560207309727,0
0.016567499999998847,1.929948800423814,23.1484069391663,0
0.016568499999998848,1.8113526655921732,23.161722236474823,0
0.01656949999999885,1.692772404273044,23.172509710691923,0
0.016570499999998847,1.6913627080997902,23.085430462016934,1
0.016571499999998844,1.809612210880553,23.06501623447774,1
0.016572499999998845,1.927743523263924,23.044620059046395,1
0.016573499999998846,2.0457567633808162,23.02424191975962,1
0.016574499999998844,2.163652049244068,23.00388180066833,1
0.01657549999999884,2.167083209488651,23.114178994725002,0
0.016576499999998842,2.0485344293034777,23.132560212948995,0
0.016577499999998843,1.9299488094237192,23.148406944989013,0
0.01657849999999884,1.8113526745230895,23.161722242479126,0
0.016579499999998838,1.6927724131331514,23.17250971687607,0
0.01658049999999884,1.6913627169167826,23.085430467849427,1
0.01658149999999884,1.8096122196891429,23.065016240305003,1
0.016582499999998838,1.9277435320633018,23.044620064868553,1
0.016583499999998835,2.04575677217099,23.024241925576707,1
0.016584499999998836,2.163652058025867,23.003881806480205,1
0.016585499999998837,2.1670832182561637,23.114179001055017,0
0.016586499999998835,2.0485344379973625,23.132560219454923,0
0.016587499999998832,1.9299488180422457,23.148406951669052,0
0.016588499999998833,1.8113526830637101,23.161722249331547,0
0.016589499999998834,1.6927724215941646,23.17250972389897,0
0.016590499999998832,1.6913627253317336,23.085430474534324,1
0.01659149999999883,1.8096122280952742,23.065016246984055,1
0.01659249999999883,1.9277435404614418,23.044620071541637,1
0.01659349999999883,2.045756780561142,23.024241932243843,1
0.01659449999999883,2.1636520664072214,23.0038818131415,1
0.016595499999998826,2.1670832265720184,23.11417900821461,0
0.016596499999998827,2.0485344462310437,23.1325602267798,0
0.01659749999999883,1.9299488261921405,23.148406959157228,0
0.016598499999998826,1.8113526911290443,23.161722256980912,0
0.016599499999998824,1.6927724295733515,23.172509731707496,0
0.016600499999998825,1.6913627332649843,23.085430482023515,1
0.016601499999998826,1.8096122360210065,23.06501625446655,1
0.016602499999998823,1.9277435483788394,23.044620079017584,1
0.01660349999999882,2.045756788470219,23.024241939713217,1
0.01660449999999882,2.163652074308809,23.003881820604207,1
0.016605499999998823,2.167083234429117,23.11417901614306,0
0.01660649999999882,2.048534453999674,23.132560234862545,0
0.016607499999998818,1.9299488338708115,23.148406967392162,0
0.01660849999999882,1.8113526987154602,23.161722265366024,0
0.01660949999999882,1.6927724370660535,23.172509740240567,0
0.016610499999998817,1.6913627406998337,23.085430490256392,1
0.016611499999998815,1.809612243448014,23.06501626269224,1
0.016612499999998816,1.9277435557988338,23.044620087235927,1
0.016613499999998817,2.045756795883208,23.02424194792423,1
0.016614499999998814,2.1636520817139764,23.003881828808044,1
0.016615499999998812,2.1670832418110777,23.11417902477938,0
0.016616499999998813,2.048534461285867,23.132560243642196,0
0.016617499999998814,1.929948841059862,23.14840697631291,0
0.01661849999999881,1.8113527058068413,23.161722274425482,0
0.01661949999999881,1.6927724440584335,23.17250974943646,0
0.01662049999999881,1.6913627476359832,23.085430499169906,1
0.01662149999999881,1.809612250377642,23.06501627159779,1
0.01662249999999881,1.9277435627211261,23.0446200961337,1
0.016623499999998806,2.0457568027981723,23.024241956814183,1
0.016624499999998807,2.1636520886224373,23.00388183769004,1
0.016625499999998808,2.1670832486444405,23.114179034068602,0
0.016626499999998805,2.0485344680184334,23.132560253062024,0
0.016627499999998803,1.9299488476904074,23.148406985861012,0
0.016628499999998804,1.8113527123333288,23.161722284099618,0
0.016629499999998805,1.692772450479672,23.172509759234256,0
0.016630499999998802,1.6913627539993872,23.085430508708097,1
0.0166314999999988,1.8096122567342747,23.065016281127637,1
0.0166324999999988,1.9277435690718154,23.04462010565503,1
0.016633499999998802,2.0457568091429206,23.024241966327068,1
0.0166344999999988,2.163652094960434,23.003881847194602,1
0.016635499999998797,2.1670832549543633,23.114179043940005,0
0.016636499999998798,2.048534474221573,23.13256026305223,0
0.0166374999999988,1.9299488537856595,23.148406995967612,0
0.016638499999998797,1.8113527183204363,23.16172229432004,0
0.016639499999998794,1.6927724563575741,23.17250976956601,0
0.016640499999998795,1.6913627598165601,23.085430518800074,1
0.016641499999998796,1.8096122625460438,23.065016291210622,1
0.016642499999998794,1.9277435748773661,23.0446201157292,1
0.01664349999999879,2.045756814942259,23.024241976392386,1
0.016644499999998792,2.1636521007543865,23.003881857250953,1
0.016645499999998793,2.1670832606690253,23.114179054335395,0
0.01664649999999879,2.0485344798257725,23.132560273552983,0
0.01664749999999879,1.92994885927844,23.14840700657117,0
0.01664849999999879,1.81135272370004,23.16172230502403,0
0.01664949999999879,1.692772461623088,23.17250978036789,0
0.016650499999998788,1.6913627650204495,23.085430529386663,1
0.016651499999998785,1.8096122677443207,23.065016301787907,1
0.016652499999998786,1.9277435800708564,23.044620126297023,1
0.016653499999998787,2.045756820130971,23.024241986950813,1
0.016654499999998785,2.163652105937502,23.003881867800093,1
0.016655499999998782,2.1670832658205317,23.114179065180803,0
0.016656499999998783,2.048534484862198,23.132560284491262,0
0.016657499999998784,1.92994886419896,23.148407017599784,0
0.016658499999998782,1.8113527285046769,23.16172231614021,0
0.01665949999999878,1.6927724663110644,23.17250979156912,0
0.01666049999999878,1.6913627696446305,23.085430540393908,1
0.01666149999999878,1.809612272364289,23.065016312785357,1
0.01666249999999878,1.9277435846857984,23.044620137284827,1
0.016663499999998777,2.0457568247408897,23.024241997928964,1
0.016664499999998778,2.1636521105432216,23.00388187876848,1
0.01666549999999878,2.1670832703441283,23.11417907641573,0
0.016666499999998776,2.0485344892684236,23.132560295805078,0
0.016667499999998774,1.929948868487134,23.148407028989883,0
0.016668499999998775,1.8113527326733248,23.1617223276041,0
0.016669499999998776,1.6927724703595577,23.172509803104106,0
0.016670499999998773,1.691362773629145,23.085430551760638,1
0.01667149999999877,1.8096122763444131,23.065016324142093,1
0.01667249999999877,1.9277435886623528,23.04462014863145,1
0.016673499999998773,2.045756828713878,23.024242009265496,1
0.01667449999999877,2.1636521145118293,23.003881890095062,1
0.016675499999998768,2.1670832742789856,23.114179087964757,0
0.01667649999999877,2.048534493082668,23.132560307420157,0
0.01667749999999877,1.9299488721802285,23.148407040668378,0
0.016678499999998767,1.8113527362455824,23.161722339343264,0
0.016679499999998765,1.692772473810489,23.172509814901296,0
0.016680499999998766,1.6913627770146453,23.085430563411638,1
0.016681499999998767,1.8096122797269405,23.06501633578274,1
0.016682499999998764,1.9277435920410901,23.044620160261903,1
0.016683499999998762,2.0457568320888297,23.024242020885715,1
0.016684499999998763,2.1636521178838186,23.00388190170495,1
0.016685499999998764,2.167083277567384,23.114179099766304,0
0.01668649999999876,2.0485344962495566,23.13256031927365,0
0.01668749999999876,1.9299488752252165,23.14840705257114,0
0.01668849999999876,1.8113527391674773,23.161722351292763,0
0.01668949999999876,1.6927724766089505,23.172509826894895,0
0.01669049999999876,1.6913627797526074,23.085430575284903,1
0.016691499999998756,1.8096122824617553,23.065016347645546,1
0.016692499999998757,1.927743594773582,23.044620172114122,1
0.016693499999998758,2.0457568348190005,23.02424203272738,1
0.016694499999998755,2.1636521206108483,23.003881913536173,1
0.016695499999998753,2.167083280236463,23.114179111747255,0
0.016696499999998754,2.048534498795274,23.132560331293277,0
0.016697499999998755,1.9299488776473206,23.14840706462677,0
0.016698499999998753,1.8113527414665638,23.16172236338161,0
0.01669949999999875,1.6927724787848204,23.1725098390143,0
0.01670049999999875,1.691362781857591,23.085430587309094,1
0.016701499999998752,1.8096122845650449,23.065016359659055,1
0.01670249999999875,1.9277435968743604,23.04462018411709,1
0.016703499999998747,2.0457568369172683,23.02424204471979,1
0.016704499999998748,2.1636521227074335,23.00388192551794,1
0.01670549999999875,2.1670832822977966,23.114179123838365,0
0.016706499999998747,2.048534500733726,23.132560343409907,0
0.016707499999998744,1.9299488794627675,23.14840707676631,0
0.016708499999998745,1.8113527431580936,23.16172237554154,0
0.016709499999998746,1.6927724803523658,23.172509851191936,0
0.016710499999998744,1.6913627833606872,23.085430599413908,1
0.01671149999999874,1.809612286066228,23.06501637175323,1
0.016712499999998742,1.9277435983744518,23.044620196200505,1
0.016713499999998743,2.0457568384162697,23.024242056792463,1
0.01671449999999874,2.1636521242045226,23.003881937580022,1
0.01671549999999874,2.1670832837124006,23.114179135979,0
0.01671649999999874,2.04853450202492,23.13256035556249,0
0.01671749999999874,1.9299488806305771,23.148407088928167,0
0.016718499999998738,1.811352744203393,23.16172238770994,0
0.016719499999998735,1.6927724812752343,23.17250986336429,0
0.016720499999998736,1.6913627842190049,23.08543061153989,1
0.016721499999998737,1.8096122869240991,23.065016383868393,1
0.016722499999998735,1.927743599231056,23.04462020830503,1
0.016723499999998732,2.0457568392716086,23.024242068886377,1
0.016724499999998733,2.1636521250594174,23.003881949663153,1
0.016725499999998734,2.167083284533191,23.11417914809678,0
0.016726499999998732,2.0485345027240904,23.132560367679496,0
0.01672749999999873,1.9299488812082797,23.14840710104186,0
0.01672849999999873,1.811352744658981,23.16172239981784,0
0.01672949999999873,1.692772481608916,23.17250987546385,0
0.01673049999999873,1.6913627844900025,23.08543062361501,1
0.016731499999998727,1.8096122871944134,23.065016395932943,1
0.016732499999998728,1.9277435995015113,23.04462022035878,1
0.01673349999999873,2.045756839542203,23.024242080929366,1
0.016734499999998726,2.1636521253293344,23.003881961695537,1
0.016735499999998724,2.16708328472241,23.11417916013376,0
0.016736499999998725,2.048534502792451,23.1325603797026,0
0.016737499999998726,1.9299488811560694,23.1484071130486,0
0.016738499999998723,1.8113527444873376,23.161722411805595,0
0.01673949999999872,1.6927724813181786,23.1725098874301,0
0.01674049999999872,1.6913627841371004,23.085430635582597,1
0.016741499999998723,1.8096122868422757,23.065016407889868,1
0.01674249999999872,1.9277435991493153,23.044620232305242,1
0.016743499999998718,2.0457568391899494,23.02424209286536,1
0.01674449999999872,2.1636521249778404,23.003881973620928,1
0.01674549999999872,2.167083284339178,23.11417917202153,0
0.016746499999998717,2.048534502291378,23.132560391564546,0
0.016747499999998715,1.929948880537565,23.148407124882226,0
0.016748499999998716,1.8113527437510109,23.161722423608563,0
0.016749499999998717,1.6927724804644932,23.172509899199923,0
0.016750499999998714,1.6913627832237166,23.085430647374714,1
0.016751499999998712,1.8096122859293924,23.06501641967162,1
0.016752499999998713,1.9277435982377513,23.04462024407648,1
0.016753499999998714,2.0457568382797096,23.024242104626108,1
0.01675449999999871,2.1636521240681015,23.003881985371372,1
0.01675549999999871,2.167083283351654,23.114179183706202,0
0.01675649999999871,2.0485345011879654,23.132560403210974,0
0.01675749999999871,1.9299488793187973,23.148407136488,0
0.01675849999999871,1.8113527424182743,23.16172243517125,0
0.016759499999998706,1.692772479018372,23.17250991071722,0
0.016760499999998707,1.6913627817189782,23.085430658938993,1
0.016761499999998708,1.8096122844265712,23.06501643122561,1
0.016762499999998706,1.9277435967360246,23.04462025562033,1
0.016763499999998703,2.0457568367790717,23.024242116159808,1
0.016764499999998704,2.1636521225693697,23.003881996894805,1
0.016765499999998705,2.1670832818246533,23.114179195123526,0
0.016766499999998703,2.0485344995492314,23.13256041457897,0
0.0167674999999987,1.9299488775689753,23.148407147804384,0
0.0167684999999987,1.8113527405572083,23.161722446433824,0
0.016769499999998702,1.6927724770467596,23.172509921923684,0
0.0167704999999987,1.6913627796961568,23.085430670211466,1
0.016771499999998697,1.8096122824053613,23.06501644248819,1
0.016772499999998698,1.9277435947172448,23.044620266872922,1
0.0167734999999987,2.0457568347627193,23.024242127402353,1
0.016774499999998697,2.163652120554626,23.003882008127455,1
0.016775499999998694,2.1670832797611506,23.114179206221802,0
0.016776499999998695,2.0485344973770254,23.132560425617164,0
0.016777499999998696,1.929948875288817,23.148407158780284,0
0.016778499999998694,1.8113527381706982,23.161722457345128,0
0.01677949999999869,1.6927724745546973,23.17250993276827,0
0.016780499999998692,1.6913627771448179,23.08543068114477,1
0.016781499999998693,1.8096122798569814,23.065016453411726,1
0.01678249999999869,1.9277435921710013,23.044620277786844,1
0.01678349999999869,2.0457568322186126,23.024242138306715,1
0.01678449999999869,2.163652118013471,23.003882019022093,1
0.01678549999999869,2.167083277147688,23.114179216953772,0
0.016786499999998688,2.0485344946600166,23.132560436277817,0
0.016787499999998685,1.929948872469124,23.148407169367562,0
0.016788499999998686,1.8113527352483842,23.161722467857068,0
0.016789499999998687,1.6927724715306725,23.172509943202783,0
0.016790499999998685,1.6913627740702197,23.08543069168884,1
0.016791499999998682,1.8096122767850478,23.065016463946563,1
0.016792499999998683,1.9277435891025476,23.04462028831227,1
0.016793499999998684,2.0457568291536337,23.0242421488228,1
0.016794499999998682,2.163652114951149,23.00388202952896,1
0.01679549999999868,2.1670832740649058,23.11417922726169,0
0.01679649999999868,2.0485344914776835,23.13256044650525,0
0.01679749999999868,1.9299488691881903,23.148407179512535,0
0.01679849999999868,1.811352731870646,23.16172247791749,0
0.016799499999998677,1.6927724680571328,23.172509953176775,0
0.016800499999998678,1.6913627705481253,23.08543070178955,1
0.01680149999999868,1.8096122732668822,23.065016474038238,1
0.016802499999998676,1.9277435855874898,23.04462029839511,1
0.016803499999998674,2.0457568256416807,23.02424215889678,1
0.016804499999998675,2.1636521114431124,23.00388203959396,1
0.016805499999998676,2.167083270489854,23.114179237106875,0
0.016806499999998673,2.0485344878091287,23.132560456260094,0
0.01680749999999867,1.9299488654271797,23.148407189175202,0
0.01680849999999867,1.811352728017426,23.161722487486273,0
0.016809499999998673,1.6927724641127915,23.172509962649865,0
0.01681049999999867,1.6913627665590814,23.085430711409153,1
0.016811499999998668,1.8096122692814158,23.065016483649423,1
0.01681249999999867,1.9277435816064155,23.044620307997747,1
0.01681349999999867,2.045756821664994,23.024242168490822,1
0.016814499999998667,2.1636521074699906,23.003882049179577,1
0.016815499999998665,2.16708326650193,23.114179246439736,0
0.016816499999998666,2.0485344837325097,23.132560465494816,0
0.016817499999998667,1.9299488612629812,23.148407198310018,0
0.016818499999998664,1.811352723767617,23.1617224965194,0
0.016819499999998662,1.6927724597785352,23.172509971579633,0
0.016820499999998663,1.6913627621825031,23.085430720500213,1
0.016821499999998664,1.8096122649096218,23.06501649273237,1
0.01682249999999866,1.9277435772385816,23.044620317072713,1
0.01682349999999866,2.045756817301119,23.024242177557845,1
0.01682449999999866,2.1636521031108846,23.003882058238496,1
0.01682549999999866,2.167083262081812,23.114179255228905,0
0.01682649999999866,2.0485344792304794,23.132560474177346,0
0.016827499999998656,1.9299488566802423,23.148407206884375,0
0.016828499999998657,1.8113527191045637,23.161722504984134,0
0.016829499999998658,1.6927724550364103,23.172509979933206,0
0.016830499999998656,1.691362757402215,23.085430729032538,1
0.016831499999998653,1.8096122601336992,23.06501650125722,1
0.016832499999998654,1.9277435724678411,23.044620325589936,1
0.016833499999998655,2.0457568125355534,23.02424218606749,1
0.016834499999998653,2.1636520983496745,23.003882066740708,1
0.01683549999999865,2.1670832573120853,23.1141792634324,0
0.01683649999999865,2.048534474384297,23.132560482267845,0
0.016837499999998652,1.929948851758865,23.148407214860363,0
0.01683849999999865,1.8113527141100954,23.161722512844143,0
0.016839499999998647,1.6927724499701504,23.172509987675838,0
0.016840499999998648,1.6913627523004344,23.085430736966266,1
0.01684149999999865,1.8096122550374298,23.065016509183877,1
0.016842499999998647,1.9277435673762584,23.044620333509656,1
0.016843499999998644,2.0457568074486505,23.02424219398027,1
0.016844499999998645,2.163652093268265,23.003882074646455,1
0.016845499999998646,2.1670832521761807,23.114179271026128,0
0.016846499999998644,2.0485344691792977,23.132560489741604,0
0.01684749999999864,1.9299488464861003,23.148407222212853,0
0.016848499999998642,1.8113527087700814,23.16172252007417,0
0.016849499999998643,1.6927724445642478,23.17250999478224,0
0.01685049999999864,1.691362746863402,23.085430744278582,1
0.01685149999999864,1.8096122496054234,23.06501651648982,1
0.01685249999999864,1.9277435619500902,23.044620340809093,1
0.01685349999999864,2.0457568020283157,23.024242201273196,1
0.016854499999998638,2.1636520878529404,23.00388208193298,1
0.016855499999998635,2.167083246759077,23.1141792779762,0
0.016856499999998636,2.048534463699061,23.132560496566775,0
0.016857499999998637,1.9299488409440935,23.148407228912042,0
0.016858499999998635,1.811352703168511,23.161722526646198,0
0.016859499999998633,1.6927724389045131,23.172510001225984,0
0.016860499999998634,1.6913627411797736,23.085430750937167,1
0.016861499999998635,1.8096122439278841,23.06501652314243,1
0.016862499999998632,1.9277435562778162,23.04462034745589,1
0.01686349999999863,2.0457567963613013,23.02424220791415,1
0.01686449999999863,2.1636520821920024,23.003882088567998,1
0.01686549999999863,2.1670832410756047,23.114179284263198,0
0.01686649999999863,2.0485344579602236,23.13256050272419,0
0.016867499999998627,1.929948835151298,23.148407234938894,0
0.016868499999998628,1.8113526973223557,23.161722532541624,0
0.01686949999999863,1.6927724330064369,23.17251000698902,0
0.016870499999998626,1.6913627352526757,23.085430756926815,1
0.016871499999998624,1.8096122380063002,23.065016529126833,1
0.016872499999998625,1.927743550362561,23.044620353434908,1
0.016873499999998626,2.045756790452369,23.0242422138878,1
0.016874499999998623,2.1636520762885603,23.00388209453642,1
0.01687549999999862,2.1670832351289584,23.114179289872464,0
0.016876499999998622,2.0485344519644815,23.132560508199372,0
0.016877499999998623,1.929948829107907,23.148407240279152,0
0.01687849999999862,1.8113526912335995,23.16172253774604,0
0.016879499999998618,1.6927724268737876,23.172510012056936,0
0.01688049999999862,1.6913627290991722,23.085430762231024,1
0.01688149999999862,1.8096122318593582,23.065016534426302,1
0.016882499999998617,1.927743544221352,23.04462035872977,1
0.016883499999998615,2.0457567843168882,23.024242219178085,1
0.016884499999998616,2.163652070159623,23.003882099821954,1
0.016885499999998617,2.1670832290080524,23.114179294780957,0
0.016886499999998614,2.048534445802521,23.132560512971047,0
0.016887499999998612,1.9299488229063537,23.148407244913383,0
0.016888499999998613,1.8113526849931074,23.161722542242284,0
0.016889499999998614,1.6927724205958454,23.172510016414506,0
0.01689049999999861,1.6913627228049701,23.085430766830044,1
0.01689149999999861,1.8096122255710374,23.065016539021308,1
0.01689249999999861,1.9277435379397252,23.044620363320647,1
0.01689349999999861,2.0457567780419486,23.0242422237648,1
0.01689449999999861,2.1636520638905448,23.003882104404695,1
0.016895499999998606,2.1670832227029457,23.11417929898413,0
0.016896499999998607,2.0485344394628053,23.132560517034687,0
0.016897499999998608,1.9299488165335148,23.148407248836943,0
0.016898499999998606,1.8113526785894627,23.161722546025196,0
0.016899499999998603,1.6927724141629,23.172510020056368,0
0.016900499999998604,1.6913627163587042,23.085430770721246,1
0.016901499999998605,1.8096122191316228,23.065016542908992,1
0.016902499999998603,1.9277435315063358,23.04462036720495,1
0.0169034999999986,2.0457567716145797,23.0242422276458,1
0.0169044999999986,2.1636520574700095,23.003882108282205,1
0.016905499999998602,2.1670832162976312,23.114179302468685,0
0.0169064999999986,2.0485344330310036,23.13256052037853,0
0.016907499999998597,1.9299488100767175,23.148407252039735,0
0.016908499999998598,1.8113526721083415,23.1617225490867,0
0.0169094999999986,1.6927724076589605,23.172510022976283,0
0.016910499999998597,1.6913627098460167,23.08543077389281,1
0.016911499999998594,1.809612212625036,23.065016546077832,1
0.016912499999998595,1.9277435250066655,23.044620370370932,1
0.016913499999998596,2.045756765121816,23.024242230808884,1
0.016914499999998594,2.163652050983328,23.003882111442547,1
0.01691549999999859,2.1670832097820942,23.114179305237997,0
0.016916499999998592,2.0485344264954426,23.13256052300599,0
0.016917499999998593,1.9299488035226167,23.148407254525104,0
0.01691849999999859,1.8113526655380259,23.16172255142975,0
0.01691949999999859,1.6927724010739358,23.172510025176873,0
0.01692049999999859,1.6913627032551168,23.085430776350055,1
0.01692149999999859,1.8096122060411333,23.065016548532824,1
0.016922499999998588,1.9277435184289324,23.044620372823825,1
0.016923499999998586,2.045756758550247,23.024242233259645,1
0.016924499999998587,2.1636520444187353,23.003882113891077,1
0.016925499999998588,2.167083203239824,23.11417930728659,0
0.016926499999998585,2.048534419941194,23.13256052491309,0
0.016927499999998583,1.9299487969578732,23.14840725629071,0
0.016928499999998584,1.8113526589634448,23.161722553053885,0
0.016929499999998585,1.6927723944910082,23.172510026659605,0
0.016930499999998582,1.6913626966707824,23.085430778088785,1
0.01693149999999858,1.8096121994629695,23.065016550270098,1
0.01693249999999858,1.9277435118577535,23.044620374559504,1
0.01693349999999858,2.045756751986043,23.024242234993736,1
0.01693449999999858,2.163652037860683,23.003882115623686,1
0.016935499999998577,2.167083196659902,23.114179308625495,0
0.016936499999998578,2.0485344133556103,23.13256052611091,0
0.01693749999999858,1.9299487903680907,23.148407257347536,0
0.016938499999998576,1.8113526523717576,23.161722553969785,0
0.016939499999998574,1.6927723878988898,23.172510027434694,0
0.016940499999998575,1.6913626900844019,23.085430779121502,1
0.016941499999998576,1.809612192883582,23.06501655130185,1
0.016942499999998573,1.9277435052845309,23.044620375590405,1
0.01694349999999857,2.045756745418985,23.024242236023813,1
0.016944499999998572,2.1636520313006,23.003882116652754,1
0.016945499999998573,2.1670831901055934,23.114179309259118,0
0.01694649999999857,2.048534406803469,23.132560526604944,0
0.016947499999998568,1.9299487838195653,23.148407257702196,0
0.01694849999999857,1.8113526458274698,23.161722554185427,0
0.01694949999999857,1.692772381360285,23.17251002751165,0
0.016950499999998567,1.691362683546197,23.08543077945531,1
0.016951499999998565,1.8096121863515018,23.065016551635413,1
0.016952499999998566,1.9277434987593902,23.044620375923603,1
0.016953499999998567,2.045756738900774,23.024242236356624,1
0.016954499999998564,2.1636520247884916,23.003882116985384,1
0.016955499999998562,2.167083183626777,23.114179309197194,0
0.016956499999998563,2.0485344003328567,23.132560526406124,0
0.016957499999998564,1.9299487773585593,23.148407257366863,0
0.01695849999999856,1.8113526393783,23.16172255371395,0
0.01695949999999856,1.6927723749243608,23.172510026904472,0
0.01696049999999856,1.6913626771184318,23.08543077910044,1
0.01696149999999856,1.8096121799305724,23.065016551280785,1
0.01696249999999856,1.9277434923444685,23.044620375569348,1
0.016963499999998556,2.0457567324918564,23.024242236002763,1
0.016964499999998557,2.16365201838639,23.003882116631754,1
0.016965499999998558,2.167083177211877,23.114179308461914,0
0.016966499999998556,2.048534393933628,23.132560525536256,0
0.016967499999998553,1.9299487709763783,23.148407256362923,0
0.016968499999998554,1.811352633013714,23.16172255257657,0
0.016969499999998555,1.6927723685787446,23.172510025634228,0
0.016970499999998553,1.6913626707850238,23.085430778080482,1
0.01697149999999855,1.8096121736030857,23.06501655026177,1
0.01697249999999855,1.927743486023716,23.044620374551172,1
0.016973499999998552,2.0457567261778298,23.024242234985394,1
0.01697449999999855,2.1636520120782694,23.00388211561534,1
0.016975499999998547,2.1670831709433056,23.11417930706479,0
0.01697649999999855,2.0485343876863324,23.13256052400869,0
0.01697749999999855,1.9299487647516818,23.14840725470556,0
0.016978499999998547,1.8113526268137645,23.16172255078999,0
0.016979499999998544,1.6927723624048598,23.17251002371916,0
0.016980499999998545,1.691362664625611,23.085430776408636,1
0.016981499999998546,1.8096121674502377,23.06501654859136,1
0.016982499999998544,1.927743479876608,23.044620372882314,1
0.01698349999999854,2.0457567200364553,23.024242233318137,1
0.016984499999998542,2.163652005943438,23.00388211394951,1
0.016985499999998543,2.1670831648016624,23.114179305034753,0
0.01698649999999854,2.048534381572954,23.132560521851694,0
0.01698749999999854,1.9299487586678514,23.14840725242246,0
0.01698849999999854,1.8113526207599293,23.161722548381675,0
0.01698949999999854,1.692772356382297,23.17251002118642,0
0.016990499999998538,1.6913626586212729,23.085430774114705,1
0.016991499999998536,1.8096121614514904,23.06501654629953,1
0.016992499999998537,1.9277434738842656,23.044620370592448,1
0.016993499999998538,2.0457567140505133,23.024242231030183,1
0.016994499999998535,2.1636519999630712,23.00388211166362,1
0.016995499999998533,2.167083158866562,23.114179302389385,0
0.016996499999998534,2.0485343756711862,23.132560519084834,0
0.016997499999998535,1.9299487528006296,23.148407249534966,0
0.016998499999998532,1.8113526149292933,23.16172254537435,0
0.01699949999999853,1.692772350589452,23.172510018060237,0
0.01700049999999853,1.6913626528485908,23.08543077121796,1
0.01700149999999853,1.8096121556849896,23.065016543405285,1
0.01700249999999853,1.9277434681231196,23.044620367700816,1
0.017003499999998527,2.0457567082947152,23.024242228141173,1
0.017004499999998528,2.1636519942134353,23.003882108777127,1
0.01700549999999853,2.1670831531154997,23.114179299163098,0
0.017006499999998526,2.0485343699598526,23.13256051574164,0
0.017007499999998524,1.9299487471301886,23.148407246075863,0
0.017008499999998525,1.811352609300077,23.161722541800547,0
0.017009499999998526,1.6927723450026102,23.172510014372765,0
0.017010499999998523,1.6913626472853247,23.08543076775331,1
0.01701149999999852,1.8096121501268738,23.065016539943745,1
0.017012499999998522,1.9277434625709686,23.04462036424224,1
0.017013499999998523,2.0457567027485224,23.024242224685594,1
0.01701449999999852,2.1636519886723797,23.003882105324653,1
0.017015499999998518,2.1670831476247563,23.11417929537899,0
0.01701649999999852,2.0485343645132645,23.13256051184711,0
0.01701749999999852,1.9299487417288481,23.148407242072,0
0.017018499999998517,1.811352603945888,23.161722537688355,0
0.017019499999998515,1.6927723396966485,23.172510010153463,0
0.017020499999998516,1.6913626420045051,23.08543076374538,1
0.017021499999998517,1.809612144851739,23.065016535939307,1
0.017022499999998515,1.9277434573006982,23.044620360241446,1
0.017023499999998512,2.0457566974831103,23.024242220688414,1
0.017024499999998513,2.1636519834126355,23.003882101330962,1
0.017025499999998514,2.1670831423682886,23.114179291076322,0
0.01702649999999851,2.0485343593066676,23.132560507439617,0
0.01702749999999851,1.929948736573144,23.148407237560956,0
0.01702849999999851,1.8113525988412718,23.16172253307505,0
0.01702949999999851,1.6927723346441241,23.172510005439072,0
0.01703049999999851,1.691362636984556,23.085430759233148,1
0.017031499999998506,1.8096121398363996,23.065016531431116,1
0.017032499999998507,1.927743452290779,23.044620355737184,1
0.017033499999998508,2.0457566924786077,23.024242216188053,1
0.017034499999998506,2.1636519784127266,23.003882096834634,1
0.017035499999998503,2.1670831373996204,23.11417928628428,0
0.017036499999998504,2.0485343543915797,23.132560502549705,0
0.017037499999998505,1.9299487317125812,23.148407232574375,0
0.017038499999998503,1.8113525940369974,23.161722527993028,0
0.0170394999999985,1.6927723298970698,23.17251000026296,0
0.0170404999999985,1.691362632261613,23.085430754248627,1
0.017041499999998502,1.8096121351185879,23.065016526450957,1
0.0170424999999985,1.9277434475772748,23.044620350761473,1
0.017043499999998497,2.045756687769405,23.024242211216816,1
0.0170444999999985,2.1636519737086384,23.00388209186774,1
0.0170454999999985,2.167083132751235,23.114179281037885,0
0.017046499999998497,2.048534349801738,23.132560497212733,0
0.017047499999998494,1.929948727182153,23.148407227148244,0
0.017048499999998495,1.811352589566014,23.16172252247921,0
0.017049499999998496,1.6927723254863747,23.17250999466286,0
0.017050499999998494,1.691362627882863,23.085430748826017,1
0.01705149999999849,1.8096121307438031,23.06501652103323,1
0.017052499999998492,1.9277434432072709,23.044620345348463,1
0.017053499999998493,2.045756683404179,23.02424220580853,1
0.01705449999999849,2.163651969347367,23.003882086464266,1
0.01705549999999849,2.167083128399695,23.114179275380955,0
0.01705649999999849,2.04853434551165,23.132560491472233,0
0.01705749999999849,1.92994872295431,23.14840722132566,0
0.017058499999998488,1.811352585402018,23.161722516575885,0
0.017059499999998486,1.6927723213869958,23.17250998868024,0
0.017060499999998487,1.691362623816172,23.085430743010154,1
0.017061499999998488,1.809612126681587,23.065016515222396,1
0.017062499999998485,1.927743439148705,23.044620339542845,1
0.017063499999998483,2.0457566793492625,23.024242200008114,1
0.017064499999998484,2.1636519652969137,23.003882080668955,1
0.017065499999998485,2.1670831244080873,23.114179269346156,0
0.017066499999998482,2.0485343415856487,23.13256048536197,0
0.01706749999999848,1.9299487190946196,23.148407215141383,0
0.01706849999999848,1.8113525816085037,23.1617225103192,0
0.01706949999999848,1.6927723176603344,23.172509982352675,0
0.01707049999999848,1.691362620124376,23.085430736833946,1
0.017071499999998477,1.8096121229930717,23.065016509051716,1
0.017072499999998478,1.9277434354642866,23.044620333377555,1
0.01707349999999848,2.0457566756689345,23.024242193848195,1
0.017074499999998476,2.1636519616198546,23.003882074514536,1
0.017075499999998474,2.1670831207434813,23.114179262980148,0
0.017076499999998475,2.0485343379887353,23.132560478927985,0
0.017077499999998476,1.9299487155660167,23.14840720864094,0
0.017078499999998473,1.8113525781496451,23.161722503753772,0
0.01707949999999847,1.692772314271815,23.17250997572383,0
0.017080499999998472,1.6913626167710178,23.08543073034452,1
0.017081499999998473,1.8096121196434767,23.065016502568,1
0.01708249999999847,1.9277434321176308,23.04462032689968,1
0.017083499999998468,2.0457566723252145,23.024242187376124,1
0.01708449999999847,2.163651958279887,23.003882068048114,1
0.01708549999999847,2.1670831174646605,23.11417925631787,0
0.017086499999998467,2.048534334780908,23.132560472206208,0
0.017087499999998465,1.9299487124297137,23.148407201861296,0
0.017088499999998466,1.8113525750845572,23.16172249691793,0
0.017089499999998467,1.6927723112784452,23.17250996883336,0
0.017090499999998465,1.691362613814536,23.08543072357724,1
0.017091499999998462,1.8096121166895385,23.065016495806745,1
0.017092499999998463,1.9277434291670552,23.044620320144286,1
0.017093499999998464,2.045756669377996,23.024242180626644,1
0.01709449999999846,2.1636519553352023,23.00388206130468,1
0.01709549999999846,2.1670831145342992,23.1141792494075,0
0.01709649999999846,2.048534331922765,23.132560465244207,0
0.01709749999999846,1.9299487096442398,23.14840719484925,0
0.01709849999999846,1.8113525723730106,23.161722489857368,0
0.017099499999998456,1.6927723086412416,23.172509961725964,0
0.017100499999998457,1.6913626112140816,23.085430716580372,1
0.017101499999998458,1.8096121140920942,23.065016488816,1
0.017102499999998456,1.9277434265717983,23.044620313159808,1
0.017103499999998453,2.0457566667849236,23.024242173648414,1
0.017104499999998454,2.163651952745132,23.003882054332575,1
0.017105499999998455,2.1670831120068392,23.11417924228519,0
0.017106499999998453,2.048534329469968,23.13256045807901,0
0.01710749999999845,1.9299487072664587,23.1484071876428,0
0.01710849999999845,1.8113525700697601,23.161722482611395,0
0.017109499999998452,1.6927723064128464,23.172509954442116,0
0.01711049999999845,1.6913626090281235,23.08543070938953,1
0.017111499999998447,1.8096121119079105,23.065016481631588,1
0.01711249999999845,1.9277434243902056,23.044620305981653,1
0.01711349999999845,2.0457566646059213,23.0242421664765,1
0.017114499999998447,2.1636519505679015,23.003882047167046,1
0.017115499999998444,2.167083109870008,23.114179234996644,0
0.017116499999998445,2.0485343274081513,23.13256045075618,0
0.017117499999998446,1.9299487052799225,23.14840718028733,0
0.017118499999998444,1.8113525681595792,23.16172247522485,0
0.01711949999999844,1.692772304579255,23.172509947026125,0
0.017120499999998443,1.691362607226722,23.08543070205303,1
0.017121499999998444,1.8096121101087188,23.06501647430151,1
0.01712249999999844,1.9277434225924035,23.044620298658117,1
0.01712349999999844,2.045756662809505,23.024242159159538,1
0.01712449999999844,2.1636519487736927,23.003882039856492,1
0.01712549999999844,2.167083108090522,23.114179227589236,0
0.017126499999998438,2.048534325705253,23.132560443322106,0
0.017127499999998436,1.9299487036537943,23.148407172828275,0
0.017128499999998437,1.8113525666095671,23.161722467742578,0
0.017129499999998438,1.6927723031055086,23.17250993952222,0
0.017130499999998435,1.6913626057912552,23.08543069461445,1
0.017131499999998433,1.8096121086742787,23.06501646686957,1
0.017132499999998434,1.9277434211598037,23.04462029123273,1
0.017133499999998435,2.0457566613787477,23.024242151740655,1
0.017134499999998432,2.163651947343952,23.00388203244419,1
0.01713549999999843,2.1670831067247853,23.114179220096663,0
0.01713649999999843,2.048534324415616,23.132560435811865,0
0.017137499999998432,1.9299487024403514,23.148407165301954,0
0.01713849999999843,1.811352565473217,23.16172246020171,0
0.017139499999998427,1.6927723020463121,23.172509931968534,0
0.017140499999998428,1.6913626047693324,23.085430687108854,1
0.01714149999999843,1.8096121076537854,23.065016459370568,1
0.017142499999998426,1.9277434201399246,23.0446202837404,1
0.017143499999998424,2.0457566603594803,23.02424214425504,1
0.017144499999998425,2.1636519463261092,23.00388202496517,1
0.017145499999998426,2.1670831057214475,23.11417921256744,0
0.017146499999998423,2.0485343234891236,23.13256042827258,0
0.01714749999999842,1.929948701590718,23.148407157754267,0
0.017148499999998422,1.8113525646996143,23.161722452647343,0
0.017149499999998423,1.6927723013487184,23.17250992440907,0
0.01715049999999842,1.691362604109437,23.08543067958429,1
0.017151499999998418,1.8096121069941395,23.065016451852724,1
0.01715249999999842,1.9277434194813468,23.044620276229164,1
0.01715349999999842,2.04575665970197,23.024242136750335,1
0.017154499999998418,2.163651945668849,23.00388201746718,1
0.017155499999998415,2.167083105127589,23.11417920503576,0
0.017156499999998416,2.048534322970807,23.132560420739598,0
0.017157499999998417,1.9299487011478667,23.14840715022157,0
0.017158499999998415,1.8113525643329578,23.161722445116435,0
0.017159499999998412,1.6927723010581457,23.1725099168816,0
0.017160499999998413,1.691362603855153,23.085430672074825,1
0.017161499999998414,1.8096121067405198,23.065016444349794,1
0.01716249999999841,1.9277434192275684,23.04462026873291,1
0.01716349999999841,2.0457566594480348,23.024242129260784,1
0.01716449999999841,2.163651945415577,23.00388200998416,1
0.01716549999999841,2.1670831048878343,23.114179197548612,0
0.01716649999999841,2.048534322806534,23.132560413258446,0
0.017167499999998406,1.9299487010589238,23.148407142748027,0
0.017168499999998407,1.8113525643183512,23.16172243765219,0
0.017169499999998408,1.6927723011176916,23.172509909428154,0
0.017170499999998406,1.6913626039510226,23.085430664626553,1
0.017171499999998403,1.8096121068358841,23.0650164369082,1
0.017172499999998404,1.9277434193232486,23.044620261297855,1
0.017173499999998405,2.045756659544028,23.02424212183225,1
0.017174499999998403,2.1636519455110625,23.003882002562268,1
0.0171754999999984,2.16708310504535,23.114179190138106,0
0.0171764999999984,2.048534323037453,23.13256040586238,0
0.017177499999998402,1.9299487013630077,23.148407135367894,0
0.0171784999999984,1.8113525646961715,23.16172243028946,0
0.017179499999998397,1.6927723015689773,23.172509902084354,0
0.0171804999999984,1.6913626044368462,23.085430657271527,1
0.0171814999999984,1.809612107321632,23.065016429559602,1
0.017182499999998397,1.9277434198081018,23.04462025395581,1
0.017183499999998395,2.045756660027988,23.024242114496772,1
0.017184499999998396,2.163651945994951,23.003881995233208,1
0.017185499999998397,2.167083105541041,23.11417918284894,0
0.017186499999998394,2.048534323605739,23.13256039859451,0
0.01718749999999839,1.9299487020035855,23.14840712812283,0
0.017188499999998393,1.8113525654078944,23.161722423068717,0
0.017189499999998394,1.692772302351506,23.172509894889416,0
0.01719049999999839,1.69136260525359,23.085430650053198,1
0.01719149999999839,1.8096121081371486,23.065016422347707,1
0.01719249999999839,1.9277434206232136,23.044620246750203,1
0.01719349999999839,2.045756660842694,23.024242107297432,1
0.017194499999998388,2.163651946808432,23.003881988040312,1
0.017195499999998386,2.1670831064144984,23.114179175710337,0
0.017196499999998387,2.048534324549002,23.132560391485065,0
0.017197499999998388,1.929948703016267,23.148407121043974,0
0.017198499999998385,1.8113525664904162,23.161722416021785,0
0.017199499999998383,1.6927723035034532,23.172509887875886,0
0.017200499999998384,1.691362606442046,23.085430643000127,1
0.017201499999998385,1.8096121093248267,23.06501641530083,1
0.017202499999998382,1.9277434218092935,23.044620239709648,1
0.01720349999999838,2.0457566620271783,23.024242100263198,1
0.01720449999999838,2.1636519479921423,23.00388198101223,1
0.017205499999998382,2.1670831076326755,23.11417916876114,0
0.01720649999999838,2.0485343258354898,23.132560384571885,0
0.017207499999998377,1.9299487043706105,23.148407114168208,0
0.017208499999998378,1.811352567911323,23.161722409184925,0
0.01720949999999838,1.6927723049904375,23.17250988107922,0
0.017210499999998376,1.6913626079552293,23.085430636152388,1
0.017211499999998374,1.8096121108360863,23.06501640845923,1
0.017212499999998375,1.9277434233194533,23.044620232874024,1
0.017213499999998376,2.0457566635362396,23.024242093433525,1
0.017214499999998373,2.1636519494992874,23.00388197418867,1
0.01721549999999837,2.1670831091486287,23.114179162038226,0
0.017216499999998372,2.048534327416303,23.13256037789109,0
0.017217499999998373,1.9299487060157727,23.148407107530865,0
0.01721849999999837,1.8113525696211283,23.161722402592243,0
0.017219499999998368,1.692772306764337,23.172509874532544,0
0.01722049999999837,1.6913626097581562,23.085430629542998,1
0.01722149999999837,1.8096121126376215,23.06501640185558,1
0.017222499999998368,1.9277434251187764,23.0446202262763,1
0.017223499999998365,2.045756665333355,23.024242086841706,1
0.017224499999998366,2.1636519512950128,23.00388196760261,1
0.017225499999998367,2.1670831109992736,23.11417915556492,0
0.017226499999998365,2.0485343293297262,23.13256037146654,0
0.017227499999998362,1.9299487079913935,23.148407101156295,0
0.017228499999998363,1.8113525716575287,23.16172239626897,0
0.017229499999998364,1.6927723088609132,23.172509868261763,0
0.01723049999999836,1.6913626118828502,23.085430623195503,1
0.01723149999999836,1.8096121147597841,23.065016395513766,1
0.01723249999999836,1.9277434272392289,23.04462021994002,1
0.01723349999999836,2.0457566674520984,23.024242080510966,1
0.01723449999999836,2.1636519534112284,23.00388196127755,1
0.017235499999998356,2.167083113121095,23.114179149376454,0
0.017236499999998357,2.048534331510322,23.13256036533218,0
0.01723749999999836,1.9299487102301318,23.148407095077236,0
0.017238499999998356,1.811352573954591,23.16172239024629,0
0.017239499999998353,1.6927723112156403,23.1725098622966,0
0.017240499999998354,1.6913626142630154,23.08543061714442,1
0.017241499999998355,1.809612117137979,23.065016389467985,1
0.017242499999998353,1.9277434296146374,23.044620213899655,1
0.01724349999999835,2.045756669824723,23.024242074476017,1
0.01724449999999835,2.1636519557818903,23.003881955247827,1
0.017245499999998352,2.1670831155432206,23.11417914349339,0
0.01724649999999835,2.048534333988624,23.132560359509075,0
0.017247499999998347,1.9299487127639254,23.148407089315185,0
0.01724849999999835,1.8113525765423504,23.16172238454641,0
0.01724949999999835,1.6927723138566522,23.172509856659932,0
0.017250499999998347,1.6913626169283393,23.08543061140917,1
0.017251499999998345,1.8096121198002293,23.065016383737877,1
0.017252499999998346,1.9277434322746372,23.044620208174518,1
0.017253499999998347,2.0457566724824736,23.02424206875591,1
0.017254499999998344,2.1636519584365823,23.003881949532882,1
0.01725549999999834,2.167083118199853,23.114179137946863,0
0.017256499999998343,2.048534336696959,23.132560354027003,0
0.017257499999998344,1.9299487155232333,23.148407083898558,0
0.01725849999999834,1.8113525793527165,23.161722379196156,0
0.01725949999999834,1.6927723167173228,23.17250985137707,0
0.01726049999999834,1.6913626198104463,23.085430606019912,1
0.01726149999999834,1.8096121226798665,23.065016378353295,1
0.017262499999998338,1.9277434351509843,23.044620202794796,1
0.017263499999998336,2.0457566753555354,23.024242063381006,1
0.017264499999998337,2.163651961307178,23.003881944162636,1
0.017265499999998338,2.1670831211180603,23.1141791327524,0
0.017266499999998335,2.048534339663856,23.13256034890194,0
0.017267499999998333,1.9299487185380437,23.148407078843825,0
0.017268499999998334,1.8113525824138281,23.16172237421276,0
0.017269499999998335,1.6927723198239324,23.172509846465847,0
0.017270499999998332,1.691362622937189,23.085430600991213,1
0.01727149999999833,1.8096121258030726,23.06501637332913,1
0.01727249999999833,1.9277434382714798,23.044620197774993,1
0.017273499999998332,2.0457566784733214,23.024242058365562,1
0.01727449999999833,2.163651964421442,23.003881939151697,1
0.017275499999998327,2.1670831242302384,23.11417912793667,0
0.017276499999998328,2.0485343428198757,23.132560344159252,0
0.01727749999999833,1.9299487217371005,23.148407074175,0
0.017278499999998326,1.8113525856559236,23.16172236961851,0
0.017279499999998324,1.6927723231082352,23.17250984194698,0
0.017280499999998325,1.6913626262386003,23.08543059634872,1
0.017281499999998326,1.8096121291015945,23.065016368690667,1
0.017282499999998324,1.9277434415662962,23.04462019314073,1
0.01728349999999832,2.0457566817644364,23.02424205373547,1
0.017284499999998322,2.163651967709674,23.003881934525648,1
0.017285499999998323,2.167083127561934,23.11417912351074,0
0.01728649999999832,2.048534346192074,23.13256033981032,0
0.017287499999998318,1.9299487251489549,23.14840706990382,0
0.01728849999999832,1.8113525891057574,23.161722365425874,0
0.01728949999999832,1.692772326595181,23.172509837833545,0
0.017290499999998318,1.6913626297456354,23.085430592101552,1
0.017291499999998315,1.809612132604714,23.065016364447306,1
0.017292499999998316,1.9277434450663227,23.04462018890103,1
0.017293499999998317,2.045756685261372,23.02424204949944,1
0.017294499999998315,2.1636519712027056,23.003881930293428,1
0.017295499999998312,2.1670831310736833,23.114179119492743,0
0.017296499999998313,2.048534349739209,23.13256033587264,0
0.017297499999998314,1.9299487287305994,23.14840706604703,0
0.017298499999998312,1.811352592721854,23.1617223616505,0
0.01729949999999831,1.692772330244839,23.17250983414026,0
0.01730049999999831,1.6913626334026102,23.085430588269773,1
0.01730149999999831,1.8096121362584452,23.065016360618866,1
0.01730249999999831,1.927743448715991,23.044620185076024,1
0.017303499999998306,2.0457566889069847,23.02424204567788,1
0.017304499999998307,2.1636519748450804,23.00388192647516,1
0.01730549999999831,2.167083134706687,23.114179115900075,0
0.017306499999998306,2.0485343534040226,23.132560332362075,0
0.017307499999998303,1.9299487324263358,23.148407062619178,0
0.017308499999998304,1.81135259644679,23.161722358305987,0
0.017309499999998305,1.692772333998071,23.172509830879495,0
0.017310499999998303,1.6913626371669008,23.085430584865712,1
0.0173114999999983,1.8096121400185616,23.0650163572179,1
0.0173124999999983,1.927743452472761,23.04462018167801,1
0.017313499999998302,2.0457566926604067,23.0242420422828,1
0.0173144999999983,2.163651978594344,23.003881923083163,1
0.017315499999998298,2.16708313849365,23.114179112734323,0
0.0173164999999983,2.0485343572175165,23.132560329281194,0
0.0173174999999983,1.9299487362654506,23.148407059623537,0
0.017318499999998297,1.811352600311432,23.16172235539594,0
0.017319499999998295,1.6927723378873163,23.172509828055503,0
0.017320499999998296,1.6913626410640534,23.085430581891764,1
0.017321499999998297,1.8096121439122292,23.0650163542465,1
0.017322499999998294,1.9277434563621259,23.044620178709298,1
0.01732349999999829,2.0457566965454768,23.024242039316785,1
0.017324499999998293,2.163651982475937,23.003881920119703,1
0.017325499999998294,2.167083142361435,23.114179110010042,0
0.01732649999999829,2.048534361108151,23.132560326642743,0
0.01732749999999829,1.9299487401780167,23.148407057071253,0
0.01732849999999829,1.8113526042441883,23.161722352930227,0
0.01732949999999829,1.6927723418393312,23.172509825676674,0
0.017330499999998288,1.6913626450224513,23.08543057936113,1
0.017331499999998286,1.809612147866261,23.065016351718192,1
0.017332499999998287,1.927743460312616,23.044620176183162,1
0.017333499999998288,2.0457567004924284,23.024242036792806,1
0.017334499999998285,2.1636519864185377,23.003881917598044,1
0.017335499999998283,2.16708314633728,23.11417910772514,0
0.017336499999998284,2.048534365101495,23.132560324445347,0
0.017337499999998285,1.929948744187938,23.14840705496163,0
0.017338499999998282,1.8113526082705735,23.161722350908523,0
0.01733949999999828,1.6927723458812431,23.17250982374309,0
0.01734049999999828,1.6913626490676061,23.08543057727078,1
0.017341499999998282,1.8096121519077826,23.065016349629627,1
0.01734249999999828,1.9277434643496874,23.04462017409653,1
0.017343499999998277,2.0457567045250546,23.024242034708116,1
0.017344499999998278,2.1636519904475398,23.003881915515127,1
0.01734549999999828,2.1670831503480126,23.114179105889146,0
0.017346499999998276,2.048534369126024,23.132560322696875,0
0.017347499999998274,1.9299487482253417,23.14840705330082,0
0.017348499999998275,1.8113526123191066,23.16172234933559,0
0.017349499999998276,1.6927723499399727,23.17250982225813,0
0.017350499999998274,1.6913626531280814,23.08543057562904,1
0.01735149999999827,1.8096121559637908,23.065016347989374,1
0.017352499999998272,1.927743468402051,23.044620172457623,1
0.017353499999998273,2.0457567085737787,23.0242420330706,1
0.01735449999999827,2.1636519944918082,23.003881913879134,1
0.017355499999998268,2.1670831544210998,23.114179104495037,0
0.01735649999999827,2.048534373207598,23.132560321391015,0
0.01735749999999827,1.9299487523144765,23.14840705208329,0
0.017358499999998268,1.8113526164156983,23.16172234820631,0
0.017359499999998265,1.6927723540430912,23.172509821217155,0
0.017360499999998266,1.6913626572298686,23.085430574428106,1
0.017361499999998267,1.8096121600618862,23.065016346789434,1
0.017362499999998265,1.9277434724956413,23.04462017125883,1
0.017363499999998262,2.045756712662868,23.024242031872912,1
0.017364499999998263,2.163651998577222,23.00388191268242,1
0.017365499999998264,2.1670831584839023,23.11417910354755,0
0.017366499999998262,2.0485343772752627,23.132560320530793,0
0.01736749999999826,1.9299487563860953,23.148407051310315,0
0.01736849999999826,1.8113526204895354,23.161722347520634,0
0.01736949999999826,1.6927723581182321,23.172509820618618,0
0.01737049999999826,1.6913626613066768,23.085430573670696,1
0.017371499999998256,1.8096121641342109,23.0650163460328,1
0.017372499999998257,1.9277434765643076,23.04462017050279,1
0.01737349999999826,2.045756716727875,23.024242031117467,1
0.017374499999998256,2.1636520026377575,23.003881911927735,1
0.017375499999998253,2.16708316254557,23.114179103037387,0
0.017376499999998254,2.0485343813366024,23.13256032010735,0
0.017377499999998255,1.9299487604462082,23.14840705097346,0
0.017378499999998253,1.811352624548346,23.16172234727009,0
0.01737949999999825,1.6927723621748387,23.1725098204543,0
0.01738049999999825,1.691362665352328,23.085430573348688,1
0.017381499999998253,1.8096121681762287,23.065016345710976,1
0.01738249999999825,1.9277434806018743,23.044620170181332,1
0.017383499999998248,2.045756720760995,23.02424203079638,1
0.01738449999999825,2.1636520066672515,23.003881911606857,1
0.01738549999999825,2.167083166596723,23.114179102956015,0
0.017386499999998247,2.048534385383979,23.13256032011171,0
0.017387499999998245,1.9299487644889268,23.148407051063334,0
0.017388499999998246,1.8113526285847001,23.161722347445384,0
0.017389499999998247,1.6927723662039456,23.17250982071468,0
0.017390499999998244,1.6913626693744355,23.085430573450736,1
0.01739149999999824,1.8096121721939062,23.065016345813,1
0.017392499999998243,1.927743484615946,23.04462017028316,1
0.017393499999998244,2.045756724771465,23.02424203089806,1
0.01739449999999824,2.1636520106733066,23.003881911708476,1
0.01739549999999824,2.1670831705748097,23.11417910330058,0
0.01739649999999824,2.0485343893533026,23.13256032053994,0
0.01739749999999824,1.9299487684486347,23.14840705157491,0
0.01739849999999824,1.8113526325347613,23.16172234803988,0
0.017399499999998236,1.692772370143505,23.172509821391763,0
0.017400499999998237,1.6913626733041343,23.085430573973813,1
0.017401499999998238,1.8096121761200847,23.06501634633556,1
0.017402499999998235,1.9277434885377907,23.044620170805377,1
0.017403499999998233,2.045756728688983,23.024242031419863,1
0.017404499999998234,2.163652014587319,23.003881912229776,1
0.017405499999998235,2.167083174506567,23.114179104053566,0
0.017406499999998232,2.0485343932730977,23.13256032137495,0
0.01740749999999823,1.9299487723556346,23.148407052491542,0
0.01740849999999823,1.811352636427311,23.161722349037795,0
0.017409499999998232,1.692772374020772,23.17250982247058,0
0.01741049999999823,1.6913626771704386,23.085430574899533,1
0.017411499999998227,1.8096121799821163,23.065016347260517,1
0.017412499999998228,1.9277434923963723,23.044620171729417,1
0.01741349999999823,2.045756732544116,23.024242032343004,1
0.017414499999998227,2.1636520184381896,23.003881913152192,1
0.017415499999998224,2.1670831783256923,23.11417910520861,0
0.017416499999998225,2.0485343970755667,23.13256032260907,0
0.017417499999998226,1.929948776140649,23.148407053804284,0
0.017418499999998224,1.8113526401948918,23.161722350428587,0
0.01741949999999822,1.6927723777701256,23.172509823938956,0
0.017420499999998222,1.6913626809061575,23.085430576220524,1
0.017421499999998223,1.8096121837145134,23.06501634858029,1
0.01742249999999822,1.927743496124628,23.04462017304813,1
0.017423499999998218,2.0457567362682374,23.02424203366062,1
0.01742449999999822,2.163652022159001,23.003881914468554,1
0.01742549999999822,2.1670831820606686,23.114179106744213,0
0.017426499999998218,2.0485344007910102,23.13256032422133,0
0.017427499999998215,1.9299487798357875,23.148407055492683,0
0.017428499999998216,1.8113526438681375,23.161722352192683,0
0.017429499999998217,1.692772381420714,23.172509825778118,0
0.017430499999998215,1.691362684542188,23.085430577914817,1
0.017431499999998212,1.809612187346499,23.06501635027313,1
0.017432499999998213,1.9277434997533924,23.044620174739393,1
0.017433499999998214,2.045756739893783,23.024242035350333,1
0.017434499999998212,2.1636520257805083,23.003881916156843,1
0.01743549999999821,2.167083185647028,23.11417910865038,0
0.01743649999999821,2.0485344043534957,23.13256032620057,0
0.01743749999999821,1.9299487833736708,23.148407057544333,0
0.01743849999999821,1.8113526473815185,23.16172235431605,0
0.017439499999998206,1.6927723849088734,23.1725098279726,0
0.017440499999998207,1.6913626880133386,23.085430579971465,1
0.01744149999999821,1.8096121908145886,23.06501635232787,1
0.017442499999998206,1.9277435032176078,23.044620176792396,1
0.017443499999998203,2.045756743354128,23.02424203740159,1
0.017444499999998204,2.1636520292378063,23.003881918206226,1
0.017445499999998205,2.167083189115298,23.114179110902413,0
0.017446499999998203,2.0485344077954037,23.13256032852254,0
0.0174474999999982,1.9299487867885228,23.148407059935646,0
0.0174484999999982,1.8113526507678075,23.16172235677605,0
0.017449499999998203,1.6927723882659154,23.172509830500573,0
0.0174504999999982,1.6913626913526685,23.085430582365408,1
0.017451499999998198,1.8096121941501706,23.06501635471978,1
0.0174524999999982,1.9277435065502635,23.044620179182086,1
0.0174534999999982,2.04575674668386,23.02424203978909,1
0.017454499999998197,2.1636520325638027,23.003881920591663,1
0.017455499999998195,2.1670831924031764,23.11417911348723,0
0.017456499999998196,2.0485344110529966,23.132560331173085,0
0.017457499999998197,1.9299487900151913,23.148407062651135,0
0.017458499999998194,1.8113526539637321,23.161722359555704,0
0.017459499999998192,1.6927723914304642,23.172509833343668,0
0.017460499999998193,1.6913626945016955,23.085430585082193,1
0.017461499999998194,1.8096121972964605,23.065016357434125,1
0.01746249999999819,1.9277435096930005,23.044620181894135,1
0.01746349999999819,2.0457567498230462,23.024242042498816,1
0.01746449999999819,2.1636520357002573,23.003881923298973,1
0.01746549999999819,2.167083195524431,23.114179116379546,0
0.01746649999999819,2.048534414141927,23.132560334127056,0
0.017467499999998186,1.929948793071195,23.148407065666028,0
0.017468499999998187,1.811352656985396,23.161722362630783,0
0.017469499999998188,1.692772394417199,23.172509836478106,0
0.017470499999998185,1.6913626974628317,23.085430588097772,1
0.017471499999998183,1.809612200254228,23.06501636044709,1
0.017472499999998184,1.9277435126482225,23.044620184904346,1
0.017473499999998185,2.045756752775725,23.024242045506302,1
0.017474499999998182,2.163652038649579,23.00388192630384,1
0.01747549999999818,2.1670831984816004,23.114179119555153,0
0.01747649999999818,2.0485344170633213,23.132560337360516,0
0.017477499999998182,1.9299487959562607,23.148407068956484,0
0.01747849999999818,1.8113526598344047,23.16172236597731,0
0.017479499999998177,1.692772397229605,23.17250983987984,0
0.017480499999998178,1.6913627002528995,23.085430591386075,1
0.01748149999999818,1.809612203041916,23.06501636373241,1
0.017482499999998177,1.9277435154327125,23.044620188186833,1
0.017483499999998174,2.045756755557022,23.02424204878594,1
0.017484499999998175,2.1636520414285054,23.003881929580466,1
0.017485499999998176,2.1670832012180017,23.114179122997406,0
0.017486499999998174,2.0485344197623756,23.132560340855463,0
0.01748749999999817,1.9299487986174686,23.148407072503286,0
0.017488499999998172,1.8113526624564513,23.161722369575138,0
0.017489499999998173,1.6927723998120072,23.172509843527806,0
0.01749049999999817,1.6913627028127753,23.0854305949303,1
0.017491499999998168,1.809612205598824,23.065016367273582,1
0.01749249999999817,1.9277435179874733,23.044620191724807,1
0.01749349999999817,2.0457567581096394,23.024242052320727,1
0.017494499999998168,2.1636520439781615,23.003881933112233,1
0.017495499999998165,2.1670832037734797,23.114179126675452,0
0.017496499999998166,2.0485344222775614,23.132560344582146,0
0.017497499999998167,1.9299488010919001,23.148407076277657,0
0.017498499999998165,1.8113526648905043,23.161722373396213,0
0.017499499999998162,1.6927724022052417,23.172509847394604,0
0.017500499999998163,1.6913627051817892,23.085430598699666,1
0.017501499999998164,1.809612207965881,23.065016371039547,1
0.017502499999998162,1.927743520351758,23.044620195487504,1
0.01750349999999816,2.0457567604711535,23.024242056080162,1
0.01750449999999816,2.1636520463377233,23.003881936868286,1
0.01750549999999816,2.167083206088754,23.114179130571387,0
0.01750649999999816,2.048534424551481,23.13256034852118,0
0.017507499999998156,1.9299488033240706,23.14840708025887,0
0.017508499999998157,1.811352667079714,23.161722377418705,0
0.01750949999999816,1.6927724043511085,23.17250985145744,0
0.017510499999998156,1.6913627073035185,23.085430602675522,1
0.017511499999998154,1.8096122100850787,23.065016375011925,1
0.017512499999998155,1.927743522469246,23.04462019945628,1
0.017513499999998156,2.04575676258693,23.024242060045363,1
0.017514499999998153,2.1636520484509765,23.003881940830023,1
0.01751549999999815,2.167083208206325,23.114179134652566,0
0.01751649999999815,2.0485344266252645,23.132560352641164,0
0.017517499999998153,1.9299488053537213,23.148407084416572,0
0.01751849999999815,1.8113526690657145,23.161722381613103,0
0.017519499999998148,1.6927724062931289,23.17250985568758,0
0.01752049999999815,1.6913627092199846,23.085430606825547,1
0.01752149999999815,1.8096122120000397,23.065016379158216,1
0.017522499999998147,1.9277435243818837,23.044620203598985,1
0.017523499999998145,2.045756764497249,23.024242064184456,1
0.017524499999998146,2.163652050359795,23.00388194496539,1
0.017525499999998147,2.1670832100696256,23.114179138900283,0
0.017526499999998144,2.0485344284442557,23.132560356921868,0
0.017527499999998142,1.929948807128113,23.148407088729368,0
0.017528499999998143,1.8113526707944048,23.161722385957052,0
0.017529499999998144,1.6927724079758466,23.17250986006163,0
0.01753049999999814,1.691362710877509,23.08543061113043,1
0.01753149999999814,1.8096122136554993,23.065016383459383,1
0.01753249999999814,1.9277435260360987,23.044620207896312,1
0.01753349999999814,2.0457567661502205,23.024242068477925,1
0.01753449999999814,2.1636520520107028,23.00388194925514,1
0.017535499999998136,2.1670832117238796,23.11417914328149,0
0.017536499999998137,2.048534430052302,23.132560361331606,0
0.017537499999998138,1.9299488086897105,23.148407093166586,0
0.017538499999998135,1.811352672310144,23.161722390420678,0
0.017539499999998133,1.6927724094455103,23.172509864550666,0
0.017540499999998134,1.691362712325242,23.085430615556966,1
0.017541499999998135,1.8096122151021925,23.065016387881933,1
0.017542499999998133,1.9277435274809356,23.044620212314992,1
0.01754349999999813,2.0457567675932045,23.024242072892775,1
0.01754449999999813,2.163652053452655,23.003881953666006,1
0.017545499999998132,2.167083213144651,23.114179147773505,0
0.01754649999999813,2.0485344314268694,23.13256036584695,0
0.017547499999998127,1.9299488100178868,23.148407097704247,0
0.017548499999998128,1.8113526735909329,23.161722394979694,0
0.01754949999999813,1.692772410678741,23.172509869129993,0
0.017550499999998127,1.6913627135275195,23.085430620084818,1
0.017551499999998124,1.8096122163028576,23.06501639240586,1
0.017552499999998125,1.9277435286808111,23.04462021683483,1
0.017553499999998126,2.0457567687922875,23.024242077408548,1
0.017554499999998124,2.1636520546501297,23.003881958177875,1
0.01755549999999812,2.1670832142965444,23.114179152354463,0
0.017556499999998122,2.0485344325311816,23.13256037044549,0
0.017557499999998123,1.929948811074493,23.148407102319336,0
0.01755849999999812,1.8113526746005393,23.161722399610202,0
0.01755949999999812,1.6927724116412437,23.17250987377495,0
0.01756049999999812,1.6913627144634353,23.08543062468861,1
0.01756149999999812,1.8096122172382498,23.06501639700551,1
0.017562499999998118,1.9277435296148564,23.044620221430502,1
0.017563499999998115,2.0457567697249908,23.024242082000224,1
0.017564499999998116,2.1636520555823093,23.003881962765384,1
0.017565499999998117,2.1670832152307655,23.1141791569899,0
0.017566499999998115,2.048534433418368,23.132560375093707,0
0.017567499999998112,1.9299488119145694,23.148407106979356,0
0.017568499999998113,1.8113526753926135,23.1617224042811,0
0.017569499999998114,1.6927724123852597,23.172509878455642,0
0.017570499999998112,1.6913627151817723,23.085430629335583,1
0.01757149999999811,1.8096122179554563,23.065016401648446,1
0.01757249999999811,1.9277435303317563,23.044620226069267,1
0.01757349999999811,2.045756770441584,23.024242086634832,1
0.01757449999999811,2.163652056297779,23.003881967396005,1
0.017575499999998107,2.167083215900722,23.114179161660605,0
0.017576499999998108,2.0485344340404357,23.132560379771714,0
0.01757749999999811,1.929948812488731,23.148407111663598,0
0.017578499999998106,1.8113526759196854,23.16172240897049,0
0.017579499999998104,1.692772412865246,23.172509883149186,0
0.017580499999998105,1.6913627156354627,23.085430634006908,1
0.017581499999998106,1.8096122184091052,23.065016406315575,1
0.017582499999998103,1.9277435307845423,23.04462023073234,1
0.0175834999999981,2.0457567708935085,23.02424209129382,1
0.0175844999999981,2.1636520567496587,23.00388197205078,1
0.017585499999998103,2.1670832163549556,23.114179166334377,0
0.0175864999999981,2.048534434447844,23.13256038444806,0
0.017587499999998098,1.9299488128493403,23.14840711634151,0
0.0175884999999981,1.8113526762327168,23.16172241364908,0
0.0175894999999981,1.6927724131307478,23.172509887827506,0
0.017590499999998097,1.691362715875827,23.085430638670207,1
0.017591499999998095,1.8096122186488188,23.06501641097482,1
0.017592499999998096,1.9277435310244273,23.04462023538738,1
0.017593499999998097,2.045756771133562,23.024242095944654,1
0.017594499999998094,2.163652056989067,23.003881976697564,1
0.017595499999998092,2.1670832165493974,23.11417917099247,0
0.017596499999998093,2.0485344345951138,23.132560389103404,0
0.017597499999998094,1.9299488129495215,23.148407120993134,0
0.01759849999999809,1.8113526762867278,23.161722418295856,0
0.01759949999999809,1.6927724131386945,23.172509892468437,0
0.01760049999999809,1.691362715858268,23.085430643307426,1
0.01760149999999809,1.8096122186316883,23.065016415607886,1
0.01760249999999809,1.9277435310069029,23.044620240016403,1
0.017603499999998086,2.0457567711156472,23.024242100569676,1
0.017604499999998087,2.16365205697158,23.00388198131842,1
0.017605499999998088,2.1670832165350573,23.11417917560417,0
0.017606499999998085,2.0485344345351475,23.132560393707887,0
0.017607499999998083,1.9299488128440612,23.14840712558945,0
0.017608499999998084,1.8113526761350836,23.16172242288316,0
0.017609499999998085,1.6927724129410162,23.17250989704577,0
0.017610499999998083,1.6913627156364752,23.08543064788798,1
0.01761149999999808,1.8096122184097063,23.065016420184435,1
0.01761249999999808,1.9277435307855528,23.044620244588856,1
0.017613499999998082,2.0457567708949265,23.024242105138004,1
0.01761449999999808,2.163652056750669,23.003881985882774,1
0.017615499999998077,2.167083216270186,23.11417918015237,0
0.017616499999998078,2.0485344342247664,23.13256039824377,0
0.01761749999999808,1.9299488124883497,23.148407130112062,0
0.017618499999998077,1.8113526757350626,23.1617224273915,0
0.017619499999998074,1.6927724124968844,23.172509901538888,0
0.017620499999998075,1.691362715168084,23.08543065239523,1
0.017621499999998076,1.8096122179421936,23.065016424687627,1
0.017622499999998074,1.9277435303180972,23.044620249088148,1
0.01762349999999807,2.0457567704275292,23.024242109633423,1
0.017624499999998072,2.1636520562841475,23.00388199037417,1
0.017625499999998073,2.1670832158080287,23.114179184607742,0
0.01762649999999807,2.0485344337190954,23.132560402682646,0
0.01762749999999807,1.9299488119393893,23.148407134533603,0
0.01762849999999807,1.8113526751422184,23.16172243179487,0
0.01762949999999807,1.6927724118604013,23.172509905923217,0
0.017630499999998068,1.691362714513358,23.085430656799506,1
0.017631499999998065,1.8096122172877127,23.06501642908805,1
0.017632499999998066,1.9277435296646794,23.044620253484595,1
0.017633499999998067,2.0457567697751737,23.024242114025892,1
0.017634499999998065,2.1636520556320327,23.00388199476283,1
0.017635499999998062,2.1670832151384363,23.114179188951724,0
0.017636499999998063,2.0485344330065334,23.1325604070061,0
0.017637499999998064,1.9299488111841216,23.148407138835573,0
0.017638499999998062,1.8113526743453425,23.16172243607441,0
0.01763949999999806,1.6927724110222022,23.172509910179475,0
0.01764049999999806,1.691362713647316,23.085430661085717,1
0.01764149999999806,1.8096122164229465,23.065016433370438,1
0.01764249999999806,1.9277435288003684,23.044620257763277,1
0.017643499999998057,2.0457567689113176,23.024242118300865,1
0.017644499999998058,2.1636520547694507,23.00388199903396,1
0.01764549999999806,2.167083214233343,23.114179193168628,0
0.017646499999998056,2.0485344320608547,23.13256041119751,0
0.017647499999998054,1.9299488101981703,23.148407143000743,0
0.017648499999998055,1.8113526733186165,23.16172244021258,0
0.017649499999998056,1.6927724099550308,23.17250991428979,0
0.017650499999998053,1.6913627125593251,23.085430665234806,1
0.01765149999999805,1.8096122153356309,23.065016437515926,1
0.01765249999999805,1.92774352771455,23.044620261904996,1
0.017653499999998053,2.0457567678269952,23.024242122438856,1
0.01765449999999805,2.163652053685804,23.00388200316835,1
0.017655499999998048,2.167083213157419,23.114179197230268,0
0.01765649999999805,2.0485344309452835,23.132560415230373,0
0.01765749999999805,1.929948809043294,23.14840714700402,0
0.017658499999998047,1.8113526721256137,23.161722444185408,0
0.017659499999998045,1.692772408724265,23.172509918231455,0
0.017660499999998046,1.6913627113079834,23.0854306692208,1
0.017661499999998047,1.8096122140859505,23.065016441498333,1
0.017662499999998044,1.92774352646571,23.044620265883964,1
0.017663499999998042,2.0457567665789935,23.024242126414396,1
0.017664499999998043,2.163652052439455,23.003882007140305,1
0.017665499999998044,2.167083211870521,23.114179201125253,0
0.01766649999999804,2.048534429621482,23.132560419092336,0
0.01766749999999804,1.9299488076829803,23.148407150832192,0
0.01766849999999804,1.8113526707283576,23.16172244797914,0
0.01766949999999804,1.6927724072904697,23.172509921990034,0
0.01767049999999804,1.6913627098555526,23.085430673032818,1
0.017671499999998036,1.8096122126345622,23.065016445307037,1
0.017672499999998037,1.927743525016181,23.044620269689258,1
0.017673499999998038,2.0457567651313213,23.024242130216237,1
0.017674499999998036,2.1636520509928228,23.00388201093884,1
0.017675499999998033,2.1670832104337094,23.11417920482959,0
0.017676499999998034,2.048534428149037,23.1325604227608,0
0.017677499999998035,1.9299488061753136,23.14840715446409,0
0.017678499999998033,1.8113526691867146,23.161722451573773,0
0.01767949999999803,1.6927724057152822,23.172509925546674,0
0.01768049999999803,1.6913627082621132,23.085430676647643,1
0.017681499999998032,1.809612211043125,23.065016448918616,1
0.01768249999999803,1.927743523425925,23.044620273297703,1
0.017683499999998027,2.045756763542245,23.024242133821556,1
0.017684499999998028,2.163652049405745,23.00388201454092,1
0.01768549999999803,2.167083208808336,23.11417920833464,0
0.017686499999998027,2.0485344264910763,23.132560426226227,0
0.017687499999998024,1.929948804485214,23.14840715788926,0
0.017688499999998025,1.8113526674641105,23.1617224549581,0
0.017689499999998026,1.6927724039606373,23.17250992888957,0
0.017690499999998024,1.6913627064912915,23.085430680056874,1
0.01769149999999802,1.8096122092736626,23.065016452324915,1
0.017692499999998022,1.9277435216586423,23.044620276700922,1
0.017693499999998023,2.0457567617771364,23.024242137221695,1
0.01769449999999802,2.163652047641993,23.003882017938114,1
0.01769549999999802,2.1670832070567534,23.114179211619053,0
0.01769649999999802,2.048534424708442,23.132560429468768,0
0.01769749999999802,1.9299488026719953,23.14840716108933,0
0.017698499999998018,1.8113526656216106,23.161722458115054,0
0.017699499999998015,1.692772402089344,23.172509932002804,0
0.017700499999998016,1.691362704604311,23.08543068324029,1
0.017701499999998017,1.8096122073889789,23.06501645550541,1
0.017702499999998015,1.9277435197754313,23.044620279878682,1
0.017703499999998012,2.0457567598954,23.0242421403967,1
0.017704499999998013,2.163652045762545,23.003882021110257,1
0.017705499999998014,2.1670832051414886,23.11417921467713,0
0.017706499999998012,2.048534422765407,23.132560432481707,0
0.01770749999999801,1.9299488007016943,23.14840716405667,0
0.01770849999999801,1.8113526636237278,23.161722461036355,0
0.01770949999999801,1.6927724000643913,23.17250993487758,0
0.01771049999999801,1.6913627025702562,23.085430686191884,1
0.017711499999998007,1.8096122053565467,23.065016458454476,1
0.017712499999998008,1.927743517745441,23.04462028282506,1
0.01771349999999801,2.0457567578678497,23.024242143340423,1
0.017714499999998006,2.1636520437366125,23.003882024051425,1
0.017715499999998004,2.167083203106875,23.11417921749279,0
0.017716499999998005,2.048534420704778,23.132560435250205,0
0.017717499999998006,1.9299487986155666,23.148407166777503,0
0.017718499999998003,1.8113526615134474,23.16172246370896,0
0.017719499999998,1.6927723979304923,23.172509937501523,0
0.017720499999998002,1.6913627004181895,23.08543068889795,1
0.017721499999998003,1.8096122032070412,23.065016461158045,1
0.017722499999998,1.9277435155976734,23.04462028552627,1
0.017723499999997998,2.0457567557218157,23.024242146039306,1
0.017724499999998,2.163652041593132,23.003882026747846,1
0.017725499999998,2.1670832009786585,23.11417922005445,0
0.017726499999997997,2.0485344185540164,23.132560437763004,0
0.017727499999997995,1.9299487964427917,23.148407169241008,0
0.017728499999997996,1.8113526593183737,23.16172246612288,0
0.017729499999997997,1.6927723957136647,23.17250993986547,0
0.017730499999997994,1.6913626981906646,23.08543069134619,1
0.017731499999997992,1.8096122009813325,23.065016463604227,1
0.017732499999997993,1.9277435133745986,23.044620287970247,1
0.017733499999997994,2.0457567535013736,23.02424214848105,1
0.01773449999999799,2.1636520393745013,23.003882029187515,1
0.01773549999999799,2.167083198728999,23.114179222360438,0
0.01773649999999799,2.0485344162836907,23.132560440018064,0
0.01773749999999799,1.9299487941523492,23.148407171444727,0
0.01773849999999799,1.8113526570091965,23.161722468274863,0
0.017739499999997986,1.692772393386317,23.172509941965412,0
0.017740499999997987,1.691362695853224,23.085430693536217,1
0.017741499999997988,1.809612198646638,23.06501646579225,1
0.017742499999997986,1.9277435110418275,23.044620290156395,1
0.017743499999997983,2.0457567511705252,23.02424215066532,1
0.017744499999997984,2.1636520370463876,23.003882031369784,1
0.017745499999997985,2.1670831964188793,23.11417922439763,0
0.017746499999997983,2.048534413956487,23.132560442003257,0
0.01774749999999798,1.9299487918086216,23.14840717337771,0
0.01774849999999798,1.8113526546486842,23.161722470155446,0
0.017749499999997982,1.6927723910095864,23.172509943793315,0
0.01775049999999798,1.6913626934686818,23.08543069545517,1
0.017751499999997977,1.8096121962640699,23.065016467709544,1
0.017752499999997978,1.9277435086620498,23.044620292071937,1
0.01775349999999798,2.045756748793536,23.024242152579117,1
0.017754499999997977,2.1636520346713697,23.003882033281965,1
0.017755499999997974,2.1670831940155857,23.114179226167185,0
0.017756499999997975,2.0485344115380753,23.132560443719434,0
0.017757499999997976,1.929948789375661,23.14840717504024,0
0.017758499999997974,1.8113526522025747,23.161722471764005,0
0.01775949999999797,1.6927723885509058,23.172509945347684,0
0.017760499999997972,1.691362691002811,23.08543069710517,1
0.017761499999997973,1.809612193801074,23.06501646935801,1
0.01776249999999797,1.9277435062011072,23.044620293719024,1
0.01776349999999797,2.045756746334642,23.02424215422484,1
0.01776449999999797,2.1636520322153396,23.00388203492615,1
0.01776549999999797,2.167083191580308,23.114179227659147,0
0.017766499999997968,2.048534409091311,23.132560445157633,0
0.017767499999997965,1.9299487869179848,23.148407176424527,0
0.017768499999997966,1.8113526497337338,23.161722473094287,0
0.017769499999997967,1.6927723860714803,23.172509946623812,0
0.017770499999997965,1.6913626885184723,23.085430698476948,1
0.017771499999997963,1.8096121913188077,23.06501647072867,1
0.017772499999997964,1.927743503721733,23.04462029508838,1
0.017773499999997965,2.0457567438581563,23.024242155592912,1
0.017774499999997962,2.163652029740921,23.003882036293092,1
0.01777549999999796,2.1670831890803965,23.114179228878246,0
0.01777649999999796,2.0485344065818993,23.132560446322074,0
0.01777749999999796,1.9299487843996481,23.14840717753421,0
0.01777849999999796,1.8113526472078754,23.16172247414905,0
0.017779499999997957,1.692772383538683,23.172509947623567,0
0.017780499999997958,1.6913626859813713,23.08543069957572,1
0.01778149999999796,1.809612188784652,23.065016471826404,1
0.017782499999997956,1.9277435011896984,23.044620296185236,1
0.017783499999997954,2.045756741328244,23.024242156688853,1
0.017784499999997955,2.1636520272139483,23.003882037387953,1
0.017785499999997956,2.1670831865769262,23.11417922981724,0
0.017786499999997953,2.0485344040725506,23.13256044720665,0
0.01778749999999795,1.9299487818849905,23.14840717836433,0
0.017788499999997952,1.8113526446876596,23.16172247492479,0
0.017789499999997953,1.6927723810134834,23.172509948344914,0
0.01779049999999795,1.6913626834541096,23.08543070039494,1
0.017791499999997948,1.8096121862595074,23.065016472644984,1
0.01779249999999795,1.9277434986674886,23.04462029700303,1
0.01779349999999795,2.0457567388089637,23.024242157505835,1
0.017794499999997947,2.1636520246967743,23.003882038204342,1
0.017795499999997945,2.1670831840369646,23.114179230483806,0
0.017796499999997946,2.0485344015286544,23.132560447818577,0
0.017797499999997947,1.9299487793377326,23.148407178921627,0
0.017798499999997944,1.8113526421384307,23.161722475427343,0
0.017799499999997942,1.6927723784628594,23.172509948792726,0
0.017800499999997943,1.6913626809063962,23.085430700942375,1
0.017801499999997944,1.8096121837147519,23.065016473191807,1
0.01780249999999794,1.9277434961248663,23.04462029754943,1
0.01780349999999794,2.0457567362684737,23.02424215805185,1
0.01780449999999794,2.1636520221592366,23.00388203874977,1
0.01780549999999794,2.1670831815022065,23.114179230875905,0
0.01780649999999794,2.048534398993523,23.132560448156433,0
0.017807499999997936,1.929948776802784,23.148407179205307,0
0.017808499999997937,1.8113526396034079,23.161722475657054,0
0.017809499999997938,1.6927723759283249,23.172509948968585,0
0.017810499999997936,1.691362678367321,23.08543070121822,1
0.017811499999997933,1.8096121811778034,23.065016473467505,1
0.017812499999997934,1.9277434935908637,23.044620297824835,1
0.017813499999997935,2.045756733737412,23.024242158326917,1
0.017814499999997933,2.163652019630292,23.003882039024674,1
0.01781549999999793,2.16708317900156,23.11417923099571,0
0.01781649999999793,2.0485343964943548,23.132560448223245,0
0.017817499999997932,1.9299487743056425,23.14840717921922,0
0.01781849999999793,1.8113526371096629,23.161722475618063,0
0.017819499999997927,1.6927723734385227,23.17250994887685,0
0.01782049999999793,1.6913626758787026,23.085430701223846,1
0.01782149999999793,1.8096121786920822,23.06501647347303,1
0.017822499999997927,1.927743491107216,23.04462029783039,1
0.017823499999997924,2.04575673125584,23.024242158332513,1
0.017824499999997925,2.1636520171516085,23.003882039030184,1
0.017825499999997926,2.1670831765031338,23.11417923085469,0
0.017826499999997924,2.048534394000824,23.132560448029544,0
0.01782749999999792,1.9299487718175528,23.14840717897301,0
0.017828499999997922,1.811352634626733,23.16172247531965,0
0.017829499999997923,1.692772370961292,23.172509948526415,0
0.01783049999999792,1.691362673404745,23.085430700971408,1
0.01783149999999792,1.8096121762201867,23.065016473220933,1
0.01783249999999792,1.9277434886382023,23.044620297578483,1
0.01783349999999792,2.0457567287897023,23.0242421580808,1
0.017834499999997918,2.1636520146875315,23.003882038778787,1
0.017835499999997916,2.167083174069816,23.11417923045273,0
0.017836499999997917,2.048534391574116,23.132560447576765,0
0.017837499999997918,1.9299487693979693,23.14840717846962,0
0.017838499999997915,1.8113526322156117,23.161722474765785,0
0.017839499999997913,1.69277236855915,23.172509947922336,0
0.017840499999997914,1.6913626710062735,23.0854307004617,1
0.017841499999997915,1.8096121738245223,23.065016472711562,1
0.017842499999997912,1.9277434862445226,23.044620297069578,1
0.01784349999999791,2.045756726398007,23.024242157572417,1
0.01784449999999791,2.1636520122986345,23.003882038270767,1
0.01784549999999791,2.167083171663555,23.11417922980417,0
0.01784649999999791,2.0485343891777164,23.13256044687821,0
0.017847499999997907,1.9299487670119313,23.148407177721374,0
0.017848499999997908,1.811352629839616,23.161722473968236,0
0.01784949999999791,1.6927723661937035,23.17250994707577,0
0.017850499999997906,1.6913626686464827,23.085430699709235,1
0.017851499999997904,1.8096121714666822,23.06501647195985,1
0.017852499999997905,1.9277434838894485,23.0446202963185,1
0.017853499999997906,2.0457567240456953,23.024242156821927,1
0.017854499999997903,2.1636520099482635,23.003882037521013,1
0.0178554999999979,2.1670831693461956,23.11417922891101,0
0.017856499999997902,2.0485343868717214,23.132560445937457,0
0.017857499999997903,1.9299487647177829,23.148407176733286,0
0.0178584999999979,1.8113526275586171,23.161722472933047,0
0.017859499999997898,1.6927723639263303,23.172509945993838,0
0.0178604999999979,1.6913626663850354,23.085430698716856,1
0.0178614999999979,1.8096121692079035,23.06501647096828,1
0.017862499999997897,1.927743481632518,23.044620295327878,1
0.017863499999997895,2.045756721790611,23.024242155832244,1
0.017864499999997896,2.163652007695842,23.00388203653213,1
0.017865499999997897,2.1670831670785358,23.11417922779056,0
0.017866499999997894,2.0485343846184634,23.132560444770665,0
0.017867499999997892,1.929948762479388,23.14840717552057,0
0.017868499999997893,1.8113526253347214,23.16172247167486,0
0.017869499999997894,1.6927723617173898,23.172509944690546,0
0.01787049999999789,1.6913626641838913,23.08543069750187,1
0.01787149999999789,1.809612167008549,23.065016469754454,1
0.01787249999999789,1.9277434794357702,23.04462029411507,1
0.01787349999999789,2.0457567195964685,23.02424215462047,1
0.01787449999999789,2.163652005503484,23.00388203532149,1
0.017875499999997886,2.1670831649212126,23.114179226446637,0
0.017876499999997887,2.0485343824768134,23.13256044338316,0
0.017877499999997888,1.9299487603538432,23.148407174089876,0
0.017878499999997886,1.8113526232265331,23.161722470201326,0
0.017879499999997883,1.6927723596269844,23.172509943174585,0
0.017880499999997884,1.6913626621058195,23.085430696068354,1
0.017881499999997885,1.809612164932966,23.065016468322124,1
0.017882499999997883,1.9277434773618518,23.04462029268404,1
0.01788349999999788,2.045756717524214,23.024242153190755,1
0.01788449999999788,2.1636520034337097,23.003882033892992,1
0.017885499999997882,2.1670831628631393,23.11417922489525,0
0.01788649999999788,2.048534380437182,23.132560441790474,0
0.017887499999997877,1.9299487583330626,23.148407172456395,0
0.01788849999999788,1.8113526212241817,23.16172246852755,0
0.01788949999999788,1.6927723576434623,23.172509941460955,0
0.017890499999997877,1.6913626601266878,23.08543069443487,1
0.017891499999997874,1.8096121629553996,23.065016466690167,1
0.017892499999997875,1.9277434753866725,23.04462029105347,1
0.017893499999997876,2.0457567155514167,23.024242151561573,1
0.017894499999997874,2.163652001462477,23.003882032265306,1
0.01789549999999787,2.1670831608802237,23.11417922315333,0
0.017896499999997872,2.048534378473699,23.1325604400093,0
0.017897499999997873,1.929948756389392,23.148407170636393,0
0.01789849999999787,1.8113526193015284,23.161722466669104,0
0.01789949999999787,1.692772355742203,23.17250993956463,0
0.01790049999999787,1.691362658235044,23.08543069261551,1
0.01790149999999787,1.809612161066058,23.06501646487233,1
0.017902499999997868,1.9277434734988095,23.044620289237294,1
0.017903499999997866,2.0457567136650314,23.024242149747057,1
0.017904499999997867,2.163651999578382,23.00388203045232,1
0.017905499999997868,2.1670831590328388,23.11417922122647,0
0.017906499999997865,2.0485343766482482,23.132560438046173,0
0.017907499999997863,1.9299487545862286,23.14840716863754,0
0.017908499999997864,1.811352617520172,23.16172246463518,0
0.017909499999997865,1.6927723539829918,23.172509937496084,0
0.017910499999997862,1.6913626564870101,23.085430690617414,1
0.01791149999999786,1.809612159319362,23.06501646287609,1
0.01791249999999786,1.9277434717542683,23.04462028724279,1
0.01791349999999786,2.0457567119226434,23.024242147754244,1
0.01791449999999786,2.1636519978373294,23.003882028461373,1
0.017915499999997857,2.1670831572815503,23.114179219135572,0
0.017916499999997858,2.048534374919592,23.13256043592143,0
0.01791749999999786,1.9299487528805281,23.148407166479444,0
0.017918499999997856,1.8113526158385682,23.16172246244415,0
0.017919499999997854,1.6927723523258018,23.172509935272743,0
0.017920499999997855,1.6913626548408183,23.085430688461734,1
0.017921499999997856,1.8096121576752235,23.065016460722244,1
0.017922499999997853,1.927743470111365,23.044620285090907,1
0.01792349999999785,2.045756710280974,23.024242145604354,1
0.017924499999997852,2.163651996197709,23.003882026313306,1
0.017925499999997853,2.1670831556799337,23.1141792168886,0
0.01792649999999785,2.0485343733428065,23.132560433643878,0
0.017927499999997848,1.9299487513288562,23.14840716417188,0
0.01792849999999785,1.8113526143114695,23.16172246010724,0
0.01792949999999785,1.6927723508235548,23.172509932907026,0
0.017930499999997847,1.691362653350965,23.085430686156705,1
0.017931499999997845,1.809612156186451,23.0650164584193,1
0.017932499999997846,1.9277434686244894,23.04462028278992,1
0.017933499999997847,2.045756708795993,23.024242143305298,1
0.017934499999997845,2.1636519947138075,23.00388202401634,1
0.017935499999997842,2.1670831541869355,23.11417921450747,0
0.017936499999997843,2.04853437187502,23.132560431234722,0
0.017937499999997844,1.9299487498865402,23.14840716173533,0
0.01793849999999784,1.8113526128957016,23.16172245764376,0
0.01793949999999784,1.692772349434585,23.172509930417224,0
0.01794049999999784,1.6913626519740383,23.08543068372435,1
0.01794149999999784,1.8096121548113098,23.065016455989024,1
0.01794249999999784,1.927743467250315,23.044620280361844,1
0.017943499999997836,2.045756707422783,23.024242140879437,1
0.017944499999997837,2.1636519933423735,23.003882021592574,1
0.017945499999997838,2.1670831528544925,23.114179212001357,0
0.017946499999997836,2.048534370569656,23.13256042870415,0
0.017947499999997833,1.9299487486084808,23.148407159180852,0
0.017948499999997834,1.8113526116443404,23.161722455066116,0
0.017949499999997835,1.6927723482101298,23.172509927816954,0
0.017950499999997833,1.69136265076285,23.08543068117405,1
0.01795149999999783,1.809612153600922,23.065016453441068,1
0.01795249999999783,1.9277434660415456,23.044620277816108,1
0.017953499999997832,2.045756706215631,23.024242138335886,1
0.01795449999999783,2.1636519921360184,23.00388201905134,1
0.017955499999997827,2.1670831516398454,23.11417920939289,0
0.01795649999999783,2.0485343693821507,23.132560426073947,0
0.01795749999999783,1.9299487474483075,23.14840715652952,0
0.017958499999997827,1.8113526105125075,23.161722452394162,0
0.017959499999997824,1.6927723471068217,23.172509925125055,0
0.017960499999997825,1.6913626496722929,23.08543067852863,1
0.017961499999997826,1.8096121525118658,23.06501645079791,1
0.017962499999997824,1.9277434649531686,23.04462027517535,1
0.01796349999999782,2.045756705127934,23.024242135697516,1
0.017964499999997822,2.163651991049817,23.003882016415215,1
0.017965499999997823,2.1670831505932746,23.114179206691844,0
0.01796649999999782,2.04853436836426,23.1325604233547,0
0.01796749999999782,1.929948746459249,23.148407153792732,0
0.01796849999999782,1.8113526095516073,23.16172244964055,0
0.01796949999999782,1.6927723461742192,23.172509922355268,0
0.017970499999997818,1.691362648757899,23.085430675796925,1
0.017971499999997816,1.8096121515979764,23.065016448068693,1
0.017972499999997817,1.9277434640406008,23.044620272448448,1
0.017973499999997818,2.0457567042166853,23.02424213297297,1
0.017974499999997815,2.1636519901390696,23.003882013693154,1
0.017975499999997813,2.1670831496997827,23.114179203917725,0
0.017976499999997814,2.048534367499164,23.13256042056584,0
0.017977499999997815,1.929948745622669,23.14840715098976,0
0.017978499999997812,1.8113526087444787,23.16172244682403,0
0.01797949999999781,1.6927723453966477,23.172509919525822,0
0.01798049999999781,1.6913626479881927,23.085430673001504,1
0.01798149999999781,1.8096121508294496,23.065016445275653,1
0.01798249999999781,1.9277434632724315,23.044620269657962,1
0.017983499999997807,2.045756703448874,23.024242130185,1
0.017984499999997808,2.1636519893724397,23.003882010907553,1
0.01798549999999781,2.1670831489246285,23.114179201091677,0
0.017986499999997806,2.0485343667536022,23.13256041772755,0
0.017987499999997804,1.9299487449067891,23.148407148139928,0
0.017988499999997805,1.8113526080575453,23.161722443963345,0
0.017989499999997806,1.6927723447387386,23.172509916654928,0
0.017990499999997803,1.6913626473442622,23.08543067015969,1
0.0179914999999978,1.8096121501857494,23.065016442436438,1
0.017992499999997802,1.9277434626297862,23.04462026682121,1
0.017993499999997803,2.045756702807283,23.024242127350707,1
0.0179944999999978,2.1636519887310803,23.003882008075866,1
0.017995499999997798,2.1670831483240924,23.114179198221926,0
0.0179964999999978,2.048534366182055,23.132560414849447,0
0.0179974999999978,1.9299487443642829,23.148407145254037,0
0.017998499999997798,1.811352607544947,23.16172244107025,0
0.017999499999997795,1.6927723442560905,23.172509913755263,0
0.018000499999997796,1.6913626468747465,23.085430667281322,1
0.018001499999997797,1.8096121497171158,23.065016439560544,1
0.018002499999997795,1.9277434621612113,23.0446202639479,1
0.018003499999997792,2.0457567023387653,23.024242124479994,1
0.018004499999997793,2.1636519882634384,23.00388200520761,1
0.018005499999997794,2.167083147847937,23.114179195331356,0
0.01800649999999779,2.0485343657357657,23.132560411953055,0
0.01800749999999779,1.9299487439478866,23.148407142352458,0
0.01800849999999779,1.81135260715764,23.161722438164198,0
0.01800949999999779,1.6927723438978834,23.172509910845363,0
0.01801049999999779,1.6913626465303875,23.085430664388888,1
0.018011499999997786,1.8096121493726918,23.065016436670756,1
0.018012499999997787,1.9277434618175404,23.044620261060583,1
0.018013499999997788,2.0457567019958485,23.024242121595194,1
0.018014499999997786,2.163651987920453,23.00388200232544,1
0.018015499999997783,2.1670831475456165,23.11417919242895,0
0.018016499999997784,2.0485343654623924,23.13256040904864,0
0.018017499999997785,1.9299487437034477,23.148407139446636,0
0.018018499999997783,1.8113526069429393,23.161722435257502,0
0.01801949999999778,1.6927723437128945,23.17250990793841,0
0.01802049999999778,1.6913626463582423,23.08543066149157,1
0.018021499999997782,1.8096121492011263,23.065016433775913,1
0.01802249999999778,1.927743461645737,23.044620258168393,1
0.018023499999997777,2.0457567018238065,23.02424211870563,1
0.01802449999999778,2.163651987748995,23.003881999438367,1
0.01802549999999778,2.1670831473653416,23.11417918953731,0
0.018026499999997777,2.048534365311632,23.132560406157417,0
0.018027499999997774,1.9299487435821618,23.14840713655645,0
0.018028499999997775,1.8113526068502563,23.161722432369142,0
0.018029499999997776,1.6927723436487607,23.172509905052433,0
0.018030499999997774,1.6913626463075053,23.085430658611365,1
0.01803149999999777,1.8096121491500317,23.06501643089832,1
0.018032499999997773,1.9277434615951015,23.044620255293285,1
0.018033499999997774,2.0457567017736293,23.02424211583297,1
0.01803449999999777,2.1636519876984606,23.003881996568282,1
0.01803549999999777,2.167083147355037,23.11417918666458,0
0.01803649999999777,2.048534365329619,23.132560403288807,0
0.01803749999999777,1.9299487436283633,23.148407133692583,0
0.018038499999997768,1.8113526069254133,23.16172242951044,0
0.018039499999997766,1.6927723437527844,23.172509902199547,0
0.018040499999997767,1.6913626464237774,23.085430655756834,1
0.018041499999997768,1.8096121492665973,23.065016428046235,1
0.018042499999997765,1.9277434617111417,23.044620252443785,1
0.018043499999997763,2.0457567018891463,23.024242112986077,1
0.018044499999997764,2.1636519878142666,23.003881993723873,1
0.018045499999997765,2.167083147461443,23.114179183832995,0
0.018046499999997762,2.048534365464588,23.132560400463646,0
0.01804749999999776,1.9299487437917926,23.148407130874418,0
0.01804849999999776,1.8113526071163741,23.16172242669996,0
0.018049499999997762,1.6927723439711615,23.172509899397312,0
0.01805049999999776,1.6913626466592249,23.085430652948663,1
0.018051499999997757,1.809612149501399,23.065016425240664,1
0.018052499999997758,1.9277434619461176,23.04462024964065,1
0.01805349999999776,2.045756702124296,23.024242110185348,1
0.018054499999997756,2.163651988048773,23.003881990925656,1
0.018055499999997754,2.167083147712034,23.114179181051615,0
0.018056499999997755,2.048534365742232,23.13256039769176,0
0.018057499999997756,1.9299487440963616,23.14840712811258,0
0.018058499999997753,1.8113526074485533,23.16172242394867,0
0.01805949999999775,1.6927723443308118,23.1725098966571,0
0.018060499999997752,1.6913626470250291,23.08543065019796,1
0.018061499999997753,1.8096121498672477,23.0650164224923,1
0.01806249999999775,1.927743462311194,23.04462024689476,1
0.018063499999997748,2.0457567024885965,23.02424210744198,1
0.01806449999999775,2.1636519884131173,23.00388198818466,1
0.01806549999999775,2.1670831481146036,23.11417917833284,0
0.018066499999997748,2.0485343661718716,23.132560394985486,0
0.018067499999997745,1.9299487445529078,23.148407125419357,0
0.018068499999997746,1.8113526079310156,23.161722421269115,0
0.018069499999997747,1.692772344839013,23.172509893991773,0
0.018070499999997745,1.691362647544902,23.085430647514777,1
0.018071499999997742,1.8096121503861906,23.065016419811585,1
0.018072499999997743,1.9277434628300272,23.044620244216368,1
0.018073499999997744,2.0457567030073225,23.024242104765882,1
0.01807449999999774,2.1636519889309187,23.003881985511022,1
0.01807549999999774,2.167083148622467,23.114179175695654,0
0.01807649999999774,2.0485343667050357,23.132560392363008,0
0.01807749999999774,1.9299487451111907,23.148407122812127,0
0.01807849999999774,1.8113526085150498,23.16172241867754,0
0.018079499999997736,1.6927723454486083,23.17250989141641,0
0.018080499999997737,1.691362648164761,23.08543064491873,1
0.01808149999999774,1.8096121510058398,23.065016417217738,1
0.018082499999997736,1.927743463448646,23.044620241624834,1
0.018083499999997733,2.0457567036249147,23.024242102176707,1
0.018084499999997734,2.1636519895482986,23.003881982924018,1
0.018085499999997735,2.167083149276995,23.11417917314602,0
0.018086499999997733,2.048534367384626,23.132560389830964,0
0.01808749999999773,1.929948745815634,23.148407120298142,0
0.01808849999999773,1.8113526092433079,23.161722416182208,0
0.018089499999997732,1.6927723462004551,23.172509888940183,0
0.01809049999999773,1.6913626489270561,23.085430642415016,1
0.018091499999997727,1.8096121517669623,23.06501641471633,1
0.01809249999999773,1.9277434642094182,23.044620239125567,1
0.01809349999999773,2.0457567043853357,23.024242099679558,1
0.018094499999997727,2.163651990307554,23.00388198042916,1
0.018095499999997725,2.167083150025127,23.114179170701924,0
0.018096499999997726,2.048534368155833,23.13256038740638,0
0.018097499999997727,1.9299487466096852,23.14840711789359,0
0.018098499999997724,1.8113526100607917,23.161722413798014,0
0.01809949999999772,1.6927723470411338,23.172509886576798,0
0.018100499999997723,1.691362649776669,23.085430640021656,1
0.018101499999997724,1.809612152616138,23.06501641232499,1
0.01810249999999772,1.9277434650573364,23.044620236736442,1
0.01810349999999772,2.045756705231996,23.024242097292642,1
0.01810449999999772,2.1636519911537797,23.003881978044323,1
0.01810549999999772,2.1670831509072164,23.114179168367844,0
0.018106499999997718,2.0485343690605595,23.13256038509437,0
0.018107499999997716,1.929948747536789,23.14840711560406,0
0.018108499999997717,1.8113526110091893,23.161722411531507,0
0.018109499999997718,1.692772348010557,23.172509884333756,0
0.018110499999997715,1.6913626507551203,23.085430637742384,1
0.018111499999997713,1.8096121535932,23.065016410047804,1
0.018112499999997714,1.9277434660338308,23.04462023446119,1
0.018113499999997715,2.0457567062079227,23.024242095019293,1
0.018114499999997712,2.163651992128319,23.00388197577302,1
0.01811549999999771,2.167083151869277,23.114179166160007,0
0.01811649999999771,2.0485343700430696,23.132560382910224,0
0.018117499999997712,1.929948748539483,23.148407113443984,0
0.01811849999999771,1.8113526120326164,23.16172240939582,0
0.018119499999997707,1.692772349054434,23.172509882222826,0
0.018120499999997708,1.6913626518064337,23.085430635593298,1
0.01812149999999771,1.8096121546438735,23.06501640790055,1
0.018122499999997706,1.9277434670830464,23.044620232315925,1
0.018123499999997704,2.045756707255683,23.02424209287602,1
0.018124499999997705,2.163651993175444,23.00388197363159,1
0.018125499999997706,2.167083152950822,23.11417916408125,0
0.018126499999997703,2.048534371144454,23.132560380857402,0
0.0181274999999977,1.9299487496604142,23.14840711141746,0
0.018128499999997702,1.8113526131719717,23.161722407396034,0
0.018129499999997703,1.6927723502119172,23.17250988025017,0
0.0181304999999977,1.6913626529713748,23.085430633576806,1
0.018131499999997698,1.8096121558072402,23.065016405885924,1
0.0181324999999977,1.9277434682456582,23.044620230302986,1
0.0181334999999977,2.045756708417542,23.024242090864785,1
0.018134499999997698,2.1636519943357286,23.0038819716222,1
0.018135499999997695,2.167083154097107,23.11417916214625,0
0.018136499999997696,2.048534372308237,23.13256037894955,0
0.018137499999997697,1.929948750841395,23.148407109537132,0
0.018138499999997695,1.8113526143706675,23.161722405543497,0
0.018139499999997692,1.6927723514280137,23.17250987842573,0
0.018140499999997693,1.6913626541976783,23.085430631706604,1
0.018141499999997694,1.8096121570327266,23.065016404017285,1
0.01814249999999769,1.9277434694695115,23.044620228436063,1
0.01814349999999769,2.0457567096397598,23.024242088999603,1
0.01814449999999769,2.1636519955571334,23.00388196975859,1
0.01814549999999769,2.1670831553279584,23.114179160357846,0
0.01814649999999769,2.0485343735558414,23.132560377189783,0
0.018147499999997686,1.9299487521054335,23.148407107806317,0
0.018148499999997687,1.8113526156499986,23.161722403842003,0
0.01814949999999769,1.6927723527223149,23.17250987675387,0
0.018150499999997686,1.6913626554925216,23.085430629986487,1
0.018151499999997683,1.8096121583258666,23.06501640229877,1
0.018152499999997684,1.9277434707617678,23.04462022671901,1
0.018153499999997685,2.0457567109311343,23.02424208728396,1
0.018154499999997683,2.163651996846809,23.003881968044514,1
0.01815549999999768,2.1670831566504787,23.114179158720287,0
0.01815649999999768,2.0485343748926734,23.132560375582713,0
0.018157499999997682,1.9299487534562467,23.148407106229968,0
0.01815849999999768,1.8113526170152772,23.161722402296537,0
0.018159499999997677,1.6927723541017197,23.172509875239513,0
0.01816049999999768,1.6913626568759996,23.085430628419303,1
0.01816149999999768,1.8096121597083727,23.065016400732897,1
0.018162499999997677,1.9277434721424818,23.044620225154585,1
0.018163499999997675,2.045756712310061,23.024242085720992,1
0.018164499999997676,2.163651998224767,23.003881966482886,1
0.018165499999997677,2.1670831580111587,23.114179157245704,0
0.018166499999997674,2.0485343762668147,23.132560374139057,0
0.01816749999999767,1.9299487548435104,23.148407104817483,0
0.018168499999997673,1.8113526184145003,23.161722400915526,0
0.018169499999997674,1.6927723555125576,23.172509873890185,0
0.01817049999999767,1.6913626582908434,23.085430627016706,1
0.01817149999999767,1.8096121611213916,23.065016399331615,1
0.01817249999999767,1.9277434735544987,23.04462022375448,1
0.01817349999999767,2.0457567137210773,23.02424208432209,1
0.018174499999997668,2.1636519996339643,23.00388196508529,1
0.018175499999997666,2.1670831594515225,23.1141791559314,0
0.018176499999997667,2.0485343777181133,23.132560372857153,0
0.018177499999997668,1.9299487563053976,23.148407103568193,0
0.018178499999997665,1.8113526198874492,23.16172239969895,0
0.018179499999997663,1.692772356996213,23.17250987270653,0
0.018180499999997664,1.6913626597767892,23.085430625775757,1
0.018181499999997665,1.8096121626062622,23.065016398091682,1
0.018182499999997662,1.9277434750374753,23.044620222515757,1
0.01818349999999766,2.04575671520216,23.024242083084506,1
0.01818449999999766,2.163652001113976,23.00388196384873,1
0.018185499999997662,2.16708316091256,23.114179154787735,0
0.01818649999999766,2.0485343791891797,23.13256037174609,0
0.018187499999997657,1.9299487577861443,23.14840710248986,0
0.018188499999997658,1.8113526213767026,23.161722398653588,0
0.01818949999999766,1.6927723584936194,23.172509871694256,0
0.018190499999997656,1.6913626612764021,23.08543062470652,1
0.018191499999997654,1.8096121641039677,23.06501639702345,1
0.018192499999997655,1.927743476534093,23.044620221448344,1
0.018193499999997656,2.0457567166976904,23.024242082017985,1
0.018194499999997654,2.163652002607604,23.003881962783236,1
0.01819549999999765,2.1670831624356337,23.11417915381022,0
0.018196499999997652,2.048534380719728,23.13256037080229,0
0.018197499999997653,1.9299487593238072,23.148407101579895,0
0.01819849999999765,1.8113526229219423,23.16172239777746,0
0.018199499999997648,1.6927723600460722,23.172509870852082,0
0.01820049999999765,1.691362662829342,23.085430623804093,1
0.01820149999999765,1.8096121656557633,23.06501639612178,1
0.018202499999997648,1.9277434780839262,23.044620220547564,1
0.018203499999997645,2.045756718245566,23.02424208111807,1
0.018204499999997646,2.16365200415434,23.00388196188401,1
0.018205499999997647,2.1670831639616694,23.114179153007374,0
0.018206499999997645,2.048534382252309,23.132560370032863,0
0.018207499999997642,1.929948760862581,23.148407100843954,0
0.018208499999997643,1.8113526244657288,23.161722397075188,0
0.018209499999997644,1.6927723615945163,23.17250987018351,0
0.018210499999997642,1.6913626643782034,23.08543062307618,1
0.01821149999999764,1.809612167202668,23.06501639539455,1
0.01821249999999764,1.9277434796296962,23.0446202198209,1
0.01821349999999764,2.0457567197902007,23.02424208039197,1
0.01821449999999764,2.1636520056970214,23.00388196115863,1
0.018215499999997636,2.1670831655320972,23.11417915237257,0
0.018216499999997637,2.0485343838267265,23.132560369432298,0
0.01821749999999764,1.92994876244063,23.148407100277645,0
0.018218499999997636,1.8113526260478727,23.16172239654309,0
0.018219499999997633,1.6927723631803901,23.172509869685637,0
0.018220499999997634,1.6913626659671945,23.08543062251578,1
0.018221499999997635,1.809612168790479,23.065016394834586,1
0.018222499999997633,1.9277434812155096,23.044620219261525,1
0.01822349999999763,2.0457567213740178,23.024242079833154,1
0.01822449999999763,2.1636520072796612,23.00388196060023,1
0.018225499999997632,2.1670831671173842,23.114179151909664,0
0.01822649999999763,2.048534385415093,23.132560369003517,0
0.018227499999997628,1.9299487640317181,23.148407099883027,0
0.01822849999999763,1.811352627640503,23.161722396182743,0
0.01822949999999763,1.6927723647742028,23.17250986935951,0
0.018230499999997627,1.691362667554427,23.08543062212852,1
0.018231499999997625,1.8096121703757173,23.065016394447763,1
0.018232499999997626,1.927743482799575,23.044620218874975,1
0.018233499999997627,2.0457567229569102,23.024242079446886,1
0.018234499999997624,2.163652008860566,23.0038819602144,1
0.01823549999999762,2.1670831686758905,23.114179151621563,0
0.018236499999997623,2.048534386974143,23.132560368748862,0
0.018237499999997624,1.9299487655909662,23.14840709966178,0
0.01823849999999762,1.811352629200422,23.161722395994744,0
0.01823949999999762,1.692772366334445,23.17250986920473,0
0.01824049999999762,1.6913626691116554,23.08543062191363,1
0.01824149999999762,1.8096121719317988,23.065016394232995,1
0.018242499999997618,1.92774348435369,23.044620218660462,1
0.018243499999997616,2.0457567245090633,23.024242079232607,1
0.018244499999997617,2.163652010411576,23.003881960000214,1
0.018245499999997618,2.1670831702513267,23.114179151497957,0
0.018246499999997615,2.0485343885492773,23.132560368658694,0
0.018247499999997613,1.929948767165455,23.148407099604984,0
0.018248499999997614,1.8113526307730974,23.16172239597138,0
0.018249499999997615,1.6927723679049589,23.172509869214743,0
0.018250499999997612,1.6913626706791538,23.085430621861818,1
0.01825149999999761,1.809612173497319,23.065016394181274,1
0.01825249999999761,1.9277434859180549,23.044620218608703,1
0.018253499999997612,2.0457567260722747,23.02424207918084,1
0.01825449999999761,2.163652011972815,23.00388195994861,1
0.018255499999997607,2.1670831717885743,23.11417915154257,0
0.018256499999997608,2.048534390083772,23.132560368735817,0
0.01825749999999761,1.9299487686968633,23.14840709971453,0
0.018258499999997607,1.8113526323019085,23.161722396113085,0
0.018259499999997604,1.6927723694308414,23.172509869388517,0
0.018260499999997605,1.6913626722004031,23.085430621976464,1
0.018261499999997606,1.8096121750174583,23.065016394295757,1
0.018262499999997604,1.927743487436267,23.04462021872316,1
0.0182634999999976,2.0457567275885586,23.0242420792953,1
0.018264499999997602,2.1636520134879977,23.003881960062863,1
0.018265499999997603,2.1670831733266556,23.11417915174486,0
0.0182664999999976,2.048534391618348,23.132560368970278,0
0.018267499999997598,1.9299487702276037,23.148407099981018,0
0.0182684999999976,1.811352633827661,23.16172239641161,0
0.0182694999999976,1.692772370951278,23.172509869718922,0
0.018270499999997598,1.6913626737162706,23.085430622246744,1
0.018271499999997595,1.8096121765314037,23.06501639456586,1
0.018272499999997596,1.927743488949109,23.04462021899293,1
0.018273499999997597,2.0457567291002974,23.024242079564733,1
0.018274499999997595,2.1636520149978105,23.00388196033216,1
0.018275499999997592,2.167083174810983,23.114179152106917,0
0.018276499999997593,2.0485343930968156,23.132560369363244,0
0.018277499999997594,1.929948771699898,23.148407100404736,0
0.018278499999997592,1.811352635294297,23.161722396865777,0
0.01827949999999759,1.6927723724119408,23.172509870203378,0
0.01828049999999759,1.6913626751707964,23.085430622674348,1
0.01828149999999759,1.8096121779848837,23.065016394993002,1
0.01828249999999759,1.9277434904007256,23.044620219419773,1
0.018283499999997586,2.0457567305500546,23.024242079991247,1
0.018284499999997587,2.1636520164465307,23.0038819607582,1
0.01828549999999759,2.1670831762811753,23.114179152616767,0
0.018286499999997586,2.048534394560513,23.13256036990339,0
0.018287499999997583,1.9299487731567928,23.14840710097496,0
0.018288499999997584,1.8113526367432622,23.161722397466008,0
0.018289499999997585,1.692772373852674,23.172509870833387,0
0.018290499999997583,1.6913626766055327,23.08543062324709,1
0.01829149999999758,1.809612179417774,23.06501639556532,1
0.01829249999999758,1.9277434918325942,23.044620219991486,1
0.018293499999997583,2.0457567319809016,23.02424208056239,1
0.01829449999999758,2.1636520178755383,23.003881961328904,1
0.018295499999997578,2.1670831776833497,23.11417915327499,0
0.01829649999999758,2.0485343959539732,23.132560370590316,0
0.01829749999999758,1.9299487745412558,23.148407101690402,0
0.018298499999997577,1.8113526381192597,23.161722398209616,0
0.018299499999997575,1.6927723752199224,23.17250987160496,0
0.018300499999997576,1.6913626779653055,23.085430623965216,1
0.018301499999997577,1.809612180776598,23.06501639628271,1
0.018302499999997574,1.9277434931896487,23.04462022070836,1
0.01830349999999757,2.0457567333361917,23.024242081278675,1
0.018304499999997573,2.1636520192298847,23.00388196204452,1
0.018305499999997574,2.167083179057894,23.11417915406829,0
0.01830649999999757,2.0485343973193073,23.132560371411454,0
0.01830749999999757,1.9299487758971048,23.14840710253914,0
0.01830849999999757,1.8113526394645285,23.161722399085797,0
0.01830949999999757,1.6927723765543337,23.172509872508336,0
0.01831049999999757,1.6913626792968566,23.085430624814556,1
0.018311499999997566,1.809612182106409,23.065016397131423,1
0.018312499999997567,1.9277434945185403,23.04462022155622,1
0.018313499999997568,2.0457567346641636,23.024242082125774,1
0.018314499999997565,2.163652020556118,23.0038819628909,1
0.018315499999997563,2.167083180381153,23.11417915499301,0
0.018316499999997564,2.048534398631289,23.132560372362853,0
0.018317499999997565,1.929948777197545,23.148407103516927,0
0.018318499999997562,1.8113526407539866,23.161722400089605,0
0.01831949999999756,1.6927723778325556,23.172509873537866,0
0.01832049999999756,1.6913626805611799,23.085430625794167,1
0.018321499999997562,1.8096121833698793,23.06501639811007,1
0.01832249999999756,1.927743495780339,23.044620222534096,1
0.018323499999997557,2.04575673592429,23.024242083102852,1
0.018324499999997558,2.1636520218153934,23.003881963867066,1
0.01832549999999756,2.1670831816110416,23.114179156046184,0
0.018326499999997557,2.048534399849556,23.13256037344041,0
0.018327499999997554,1.9299487784039464,23.1484071046186,0
0.018328499999997555,1.811352641947468,23.161722401215226,0
0.018329499999997556,1.6927723790128788,23.172509874687098,0
0.018330499999997554,1.6913626817331506,23.08543062689683,1
0.01833149999999755,1.8096121845402695,23.065016399211835,1
0.018332499999997552,1.9277434969499696,23.04462022363481,1
0.018333499999997553,2.045756737093161,23.02424208420251,1
0.01833449999999755,2.163652022982688,23.003881964965828,1
0.018335499999997548,2.167083182797754,23.114179157210884,0
0.01833649999999755,2.0485344010227595,23.132560374628525,0
0.01833749999999755,1.9299487795634185,23.148407105829772,0
0.018338499999997548,1.8113526430938043,23.16172240244903,0
0.018339499999997545,1.6927723801458578,23.17250987594325,0
0.018340499999997546,1.6913626828564856,23.085430628107275,1
0.018341499999997547,1.8096121856628915,23.06501640042111,1
0.018342499999997545,1.9277434980710602,23.044620224843097,1
0.018343499999997542,2.0457567382127233,23.024242085409814,1
0.018344499999997543,2.1636520241015385,23.00388196617197,1
0.018345499999997544,2.1670831838862945,23.11417915848531,0
0.018346499999997542,2.0485344020976357,23.132560375924033,0
0.01834749999999754,1.9299487806244335,23.14840710714603,0
0.01834849999999754,1.811352644139936,23.161722403785824,0
0.01834949999999754,1.6927723811769122,23.172509877300218,0
0.01835049999999754,1.6913626838783031,23.08543062942332,1
0.018351499999997536,1.8096121866832766,23.06501640173611,1
0.018352499999997537,1.9277434990908342,23.044620226156862,1
0.01835349999999754,2.0457567392318863,23.024242086722325,1
0.018354499999997536,2.1636520251192755,23.003881967483395,1
0.018355499999997534,2.1670831849226224,23.11417915985337,0
0.018356499999997535,2.048534403118615,23.132560377312014,0
0.018357499999997536,1.9299487816298686,23.148407108553638,0
0.018358499999997533,1.8113526451304685,23.16172240521257,0
0.01835949999999753,1.6927723821523573,23.17250987874576,0
0.01836049999999753,1.691362684843325,23.085430630829155,1
0.018361499999997533,1.8096121876477453,23.06501640314062,1
0.01836249999999753,1.9277435000539276,23.04462022756018,1
0.018363499999997528,2.0457567401936068,23.024242088124495,1
0.01836449999999753,2.163652026080445,23.003881968884222,1
0.01836549999999753,2.1670831858527455,23.114179161312823,0
0.018366499999997527,2.0485344040334246,23.132560378788902,0
0.018367499999997525,1.9299487825292083,23.148407110047618,0
0.018368499999997526,1.8113526460133496,23.16172240672338,0
0.018369499999997527,1.6927723830186265,23.172509880273033,0
0.018370499999997524,1.6913626856996788,23.08543063232184,1
0.018371499999997522,1.809612188502832,23.06501640463207,1
0.018372499999997523,1.92774350090857,23.04462022905026,1
0.018373499999997524,2.045756741047805,23.024242089613157,1
0.01837449999999752,2.1636520269333746,23.003881970371683,1
0.01837549999999752,2.167083186723632,23.114179162846934,0
0.01837649999999752,2.0485344048875027,23.132560380339186,0
0.01837749999999752,1.9299487833663278,23.14840711161369,0
0.01837849999999752,1.8113526468341958,23.161722408304765,0
0.018379499999997516,1.6927723838230546,23.172509881869406,0
0.018380499999997517,1.6913626864931104,23.085430633884982,1
0.018381499999997518,1.8096121892958812,23.06501640619373,1
0.018382499999997515,1.927743501700419,23.044620230610565,1
0.018383499999997513,2.0457567418384563,23.024242091172162,1
0.018384499999997514,2.1636520277236486,23.00388197192922,1
0.018385499999997515,2.1670831874823278,23.114179164452583,0
0.018386499999997512,2.048534405629638,23.13256038195847,0
0.01838749999999751,1.9299487840917822,23.148407113246233,0
0.01838849999999751,1.8113526475420254,23.161722409950272,0
0.018389499999997512,1.69277238451315,23.172509883527447,0
0.01839049999999751,1.6913626871772371,23.085430635514598,1
0.018391499999997507,1.8096121899789144,23.065016407822014,1
0.018392499999997508,1.927743502383176,23.04462023223736,1
0.01839349999999751,2.045756742520939,23.024242092797444,1
0.018394499999997507,2.163652028405041,23.003881973553177,1
0.018395499999997504,2.1670831881578443,23.114179166115118,0
0.018396499999997505,2.0485344062873083,23.132560383632875,0
0.018397499999997506,1.929948784731501,23.148407114932095,0
0.018398499999997504,1.8113526481645208,23.161722411647112,0
0.0183994999999975,1.6927723851183263,23.1725098852349,0
0.018400499999997502,1.6913626877658388,23.085430637197867,1
0.018401499999997503,1.8096121905673384,23.06501640950371,1
0.0184024999999975,1.9277435029706036,23.044620233917655,1
0.018403499999997498,2.0457567431073684,23.024242094476307,1
0.0184044999999975,2.163652028991292,23.003881975230456,1
0.0184054999999975,2.167083188760654,23.114179167822964,0
0.018406499999997498,2.0485344068727294,23.13256038535084,0
0.018407499999997495,1.9299487852994492,23.148407116659826,0
0.018408499999997496,1.8113526487140934,23.16172241338434,0
0.018409499999997497,1.6927723856494448,23.172509886981196,0
0.018410499999997495,1.691362688286325,23.085430638921444,1
0.018411499999997492,1.8096121910868905,23.065016411225848,1
0.018412499999997493,1.9277435034900476,23.044620235638163,1
0.018413499999997494,2.045756743626704,23.02424209619524,1
0.018414499999997492,2.1636520295097026,23.00388197694793,1
0.01841549999999749,2.167083189247905,23.114179169571905,0
0.01841649999999749,2.048534407341502,23.132560387107553,0
0.01841749999999749,1.929948785749685,23.14840711842391,0
0.01841849999999749,1.8113526491465586,23.161722415155236,0
0.018419499999997486,1.6927723860640906,23.17250988875857,0
0.018420499999997487,1.6913626886894726,23.085430640681757,1
0.01842149999999749,1.8096121914900467,23.06501641298451,1
0.018422499999997486,1.9277435038923885,23.04462023739535,1
0.018423499999997484,2.045756744028233,23.024242097950953,1
0.018424499999997485,2.163652029911238,23.003881978702026,1
0.018425499999997486,2.1670831896658833,23.114179171345324,0
0.018426499999997483,2.0485344077416596,23.132560388887097,0
0.01842749999999748,1.929948786131985,23.14840712020917,0
0.01842849999999748,1.8113526495101393,23.16172241694599,0
0.018429499999997483,1.6927723864089181,23.172509890554387,0
0.01843049999999748,1.691362689023631,23.085430642462075,1
0.018431499999997478,1.809612191823462,23.065016414763356,1
0.01843249999999748,1.9277435042258828,23.04462023917258,1
0.01843349999999748,2.0457567443618028,23.02424209972654,1
0.018434499999997477,2.1636520302440663,23.0038819804761,1
0.018435499999997475,2.167083189967514,23.114179173139735,0
0.018436499999997476,2.0485344080245866,23.1325603906853,0
0.018437499999997477,1.92994878639619,23.148407122010763,0
0.018438499999997474,1.8113526497564334,23.161722418750422,0
0.018439499999997472,1.6927723866372923,23.17250989236131,0
0.018440499999997473,1.6913626892405618,23.085430644259265,1
0.018441499999997474,1.809612192040586,23.06501641655888,1
0.01844249999999747,1.9277435044423783,23.04462024096661,1
0.01844349999999747,2.0457567445776745,23.02424210151905,1
0.01844449999999747,2.1636520304601308,23.00388198226699,1
0.01844549999999747,2.167083190200097,23.114179174938773,0
0.01844649999999747,2.048534408239328,23.132560392486507,0
0.018447499999997466,1.92994878659309,23.14840712381379,0
0.018448499999997467,1.811352649934668,23.161722420554963,0
0.018449499999997468,1.692772386796869,23.17250989416696,0
0.018450499999997465,1.69136268938962,23.08543064605667,1
0.018451499999997463,1.809612192189086,23.06501641835476,1
0.018452499999997464,1.9277435045911382,23.044620242760775,1
0.018453499999997465,2.0457567447266944,23.024242103311543,1
0.018454499999997463,2.1636520306085916,23.003881984057937,1
0.01845549999999746,2.167083190317516,23.114179176738872,0
0.01845649999999746,2.048534408338212,23.132560394286497,0
0.018457499999997462,1.9299487866734608,23.148407125613225,0
0.01845849999999746,1.8113526499973798,23.161722422353424,0
0.018459499999997457,1.692772386841951,23.172509895964026,0
0.018460499999997458,1.6913626894235174,23.085430647851133,1
0.01846149999999746,1.8096121922233597,23.065016420147533,1
0.018462499999997457,1.9277435046249696,23.044620244552057,1
0.018463499999997454,2.045756744760083,23.024242105101322,1
0.018464499999997455,2.163652030642357,23.003881985846082,1
0.018465499999997456,2.167083190368045,23.11417917852418,0
0.018466499999997454,2.048534408371261,23.132560396070154,0
0.01846749999999745,1.929948786689065,23.148407127394876,0
0.018468499999997452,1.8113526499947605,23.16172242413277,0
0.018469499999997453,1.692772386821153,23.172509897740706,0
0.01847049999999745,1.6913626893925453,23.0854306496267,1
0.01847149999999745,1.8096121921920074,23.065016421921598,1
0.01847249999999745,1.9277435045940583,23.04462024632449,1
0.01847349999999745,2.0457567447296094,23.02424210687212,1
0.018474499999997448,2.163652030611503,23.003881987615383,1
0.018475499999997445,2.167083190306505,23.11417918029197,0
0.018476499999997446,2.0485344082917307,23.132560397834055,0
0.018477499999997447,1.9299487865916078,23.148407129154506,0
0.018478499999997445,1.8113526498802635,23.161722425887664,0
0.018479499999997442,1.6927723866896869,23.172509899490546,0
0.018480499999997443,1.6913626892547369,23.085430651380214,1
0.018481499999997444,1.8096121920547472,23.06501642367351,1
0.018482499999997442,1.9277435044565276,23.04462024807493,1
0.01848349999999744,2.045756744591809,23.02424210862109,1
0.01848449999999744,2.163652030474248,23.003881989362757,1
0.01848549999999744,2.1670831901630296,23.114179182028778,0
0.01848649999999744,2.0485344081314962,23.132560399565183,0
0.018487499999997437,1.929948786414696,23.148407130879647,0
0.018488499999997438,1.8113526496859302,23.16172242760656,0
0.01848949999999744,1.6927723864780209,23.17250990120277,0
0.018490499999997436,1.691362689028201,23.08543065310011,1
0.018491499999997434,1.8096121918280272,23.065016425391974,1
0.018492499999997435,1.9277435042304425,23.044620249791773,1
0.018493499999997436,2.0457567443663587,23.024242110336335,1
0.018494499999997433,2.1636520302486164,23.003881991076533,1
0.01849549999999743,2.167083189955695,23.114179183724175,0
0.01849649999999743,2.0485344079070744,23.13256040125376,0
0.018497499999997433,1.9299487861732756,23.148407132561015,0
0.01849849999999743,1.8113526494284329,23.16172242928029,0
0.018499499999997428,1.6927723862045436,23.172509902868534,0
0.01850049999999743,1.6913626887445716,23.08543065477486,1
0.01850149999999743,1.8096121915450905,23.06501642706512,1
0.018502499999997427,1.9277435039473785,23.04462025146355,1
0.018503499999997425,2.045756744083169,23.024242112006725,1
0.018504499999997426,2.163652029966118,23.003881992745384,1
0.018505499999997427,2.1670831896425087,23.114179185376603,0
0.018506499999997424,2.048534407578184,23.13256040289703,0
0.018507499999997422,1.9299487858287958,23.1484071341948,0
0.018508499999997423,1.8113526490676544,23.161722430904394,0
0.018509499999997424,1.692772385827589,23.172509904482652,0
0.01851049999999742,1.6913626883586426,23.085430656403005,1
0.01851149999999742,1.8096121911591372,23.065016428691916,1
0.01851249999999742,1.927743503562221,23.04462025308881,1
0.01851349999999742,2.045756743698805,23.024242113630457,1
0.01851449999999742,2.163652029581731,23.003881994367696,1
0.018515499999997416,2.167083189277057,23.11417918697102,0
0.018516499999997417,2.0485344071968483,23.132560404481396,0
0.018517499999997418,1.929948785431698,23.1484071357688,0
0.018518499999997416,1.8113526486557454,23.1617224324676,0
0.018519499999997413,1.6927723854009975,23.17250990603477,0
0.018520499999997414,1.6913626879226462,23.085430657970115,1
0.018521499999997415,1.809612190723989,23.0650164302576,1
0.018522499999997413,1.9277435031270975,23.04462025465321,1
0.01852349999999741,2.0457567432637065,23.02424211519354,1
0.01852449999999741,2.1636520291474755,23.003881995929376,1
0.018525499999997412,2.1670831888128275,23.11417918850725,0
0.01852649999999741,2.04853440671826,23.132560406005453,0
0.018527499999997407,1.9299487849388952,23.148407137280426,0
0.018528499999997408,1.8113526481480504,23.16172243396661,0
0.01852949999999741,1.6927723848785616,23.172509907520844,0
0.018530499999997407,1.6913626873920378,23.085430659476042,1
0.018531499999997404,1.8096121901935003,23.065016431762253,1
0.018532499999997405,1.9277435025975482,23.044620256156428,1
0.018533499999997406,2.045756742735095,23.02424211669537,1
0.018534499999997404,2.163652028618982,23.003881997429897,1
0.0185354999999974,2.167083188304054,23.114179189971363,0
0.018536499999997402,2.0485344061950808,23.132560407456698,0
0.018537499999997403,1.9299487844014602,23.14840713871849,0
0.0185384999999974,1.8113526475973372,23.161722435391127,0
0.0185394999999974,1.6927723843147267,23.17250990893156,0
0.0185404999999974,1.6913626868196654,23.085430660907292,1
0.0185414999999974,1.8096121896221098,23.06501643319216,1
0.018542499999997398,1.9277435020263212,23.044620257585173,1
0.018543499999997395,2.0457567421640293,23.024242118122938,1
0.018544499999997396,2.163652028048896,23.003881998856187,1
0.018545499999997397,2.167083187704828,23.1141791913643,0
0.018546499999997395,2.048534405583091,23.132560408834806,0
0.018547499999997392,1.9299487837768752,23.148407140081577,0
0.018548499999997393,1.8113526469595085,23.161722436739012,0
0.018549499999997394,1.692772383663827,23.17250991026396,0
0.018550499999997392,1.6913626861615185,23.0854306622647,1
0.01855149999999739,1.809612188964209,23.06501643454842,1
0.01855249999999739,1.927743501369487,23.04462025894014,1
0.01855349999999739,2.045756741508262,23.024242119476614,1
0.01855449999999739,2.163652027393377,23.003882000208737,1
0.018555499999997387,2.167083187069917,23.114179192672907,0
0.018556499999997388,2.0485344049354843,23.13256041012811,0
0.01855749999999739,1.929948783116745,23.148407141359275,0
0.018558499999997386,1.8113526462878549,23.161722438000822,0
0.018559499999997384,1.6927723829808294,23.17250991150968,0
0.018560499999997385,1.691362685475353,23.08543066353519,1
0.018561499999997386,1.80961218827914,23.06501643581772,1
0.018562499999997383,1.927743500684693,23.04462026020839,1
0.01856349999999738,2.045756740823744,23.024242120743796,1
0.01856449999999738,2.1636520267099506,23.003882001474704,1
0.018565499999997383,2.167083186383327,23.114179193896238,0
0.01856649999999738,2.0485344042379343,23.132560411335017,0
0.018567499999997378,1.9299487824084218,23.148407142549587,0
0.01856849999999738,1.8113526455681186,23.161722439174422,0
0.01856949999999738,1.692772382249871,23.172509912666335,0
0.018570499999997377,1.6913626847329022,23.085430664720317,1
0.018571499999997375,1.809612187537023,23.065016437001894,1
0.018572499999997376,1.927743499943727,23.04462026139146,1
0.018573499999997377,2.045756740083926,23.024242121925784,1
0.018574499999997374,2.1636520259704617,23.00388200265571,1
0.018575499999997372,2.167083185616939,23.114179195033667,0
0.018576499999997373,2.0485344034607267,23.13256041245464,0
0.018577499999997374,1.9299487816205851,23.148407143651195,0
0.01857849999999737,1.8113526447706776,23.161722440257673,0
0.01857949999999737,1.6927723814430267,23.172509913731098,0
0.01858049999999737,1.6913626839195115,23.085430665816542,1
0.01858149999999737,1.8096121867248545,23.065016438097075,1
0.01858249999999737,1.9277434991319615,23.044620262485758,1
0.018583499999997366,2.045756739272564,23.024242123019178,1
0.018584499999997367,2.16365202516032,23.003882003748103,1
0.018585499999997368,2.1670831848280367,23.114179196073323,0
0.018586499999997366,2.0485344026628254,23.132560413475996,0
0.018587499999997363,1.9299487808138858,23.148407144654072,0
0.018588499999997364,1.8113526439545569,23.161722441242066,0
0.018589499999997365,1.6927723806176918,23.17250991469677,0
0.018590499999997363,1.6913626830889918,23.08543066681323,1
0.01859149999999736,1.8096121858947523,23.06501643909296,1
0.01859249999999736,1.9277434983030959,23.044620263480677,1
0.018593499999997362,2.0457567384449367,23.024242124013146,1
0.01859449999999736,2.163652024333115,23.00388200474127,1
0.018595499999997357,2.167083183974948,23.114179197018046,0
0.018596499999997358,2.0485344018009415,23.132560414401343,0
0.01859749999999736,1.9299487799434194,23.14840714555985,0
0.018598499999997357,1.811352643076546,23.161722442128042,0
0.018599499999997354,1.6927723797323528,23.172509915562888,0
0.018600499999997355,1.6913626821981966,23.08543066771401,1
0.018601499999997356,1.8096121850052576,23.065016439992867,1
0.018602499999997354,1.9277434974140812,23.044620264379837,1
0.01860349999999735,2.045756737556401,23.024242124911563,1
0.018604499999997352,2.1636520234458745,23.003882005638786,1
0.018605499999997353,2.167083183110006,23.114179197858444,0
0.01860649999999735,2.0485344009290865,23.132560415222116,0
0.01860749999999735,1.929948779064861,23.148407146360935,0
0.01860849999999735,1.8113526421906745,23.161722442909387,0
0.01860949999999735,1.6927723788393823,23.172509916324344,0
0.018610499999997348,1.6913626813011526,23.08543066850948,1
0.018611499999997345,1.8096121841087016,23.065016440787673,1
0.018612499999997346,1.9277434965188331,23.044620265173908,1
0.018613499999997347,2.045756736662458,23.024242125704873,1
0.018614499999997345,2.1636520225524176,23.003882006431482,1
0.018615499999997343,2.167083182191718,23.11417919859889,0
0.018616499999997344,2.048534400004126,23.132560415942113,0
0.018617499999997345,1.9299487781334472,23.14840714706034,0
0.018618499999997342,1.8113526412538525,23.161722443588005,0
0.01861949999999734,1.6927723778973744,23.172509916982108,0
0.01862049999999734,1.6913626803548059,23.08543066920435,1
0.01862149999999734,1.8096121831637106,23.06501644148185,1
0.01862249999999734,1.927743495574375,23.044620265867504,1
0.018623499999997337,2.0457567357185327,23.024242126397926,1
0.018624499999997338,2.1636520216098414,23.003882007123856,1
0.01862549999999734,2.1670831812725013,23.11417919923108,0
0.018626499999997336,2.0485343990801383,23.132560416553858,0
0.018627499999997334,1.9299487772049055,23.148407147651614,0
0.018628499999997335,1.8113526403201536,23.16172244415881,0
0.018629499999997336,1.6927723769587397,23.17250991753235,0
0.018630499999997333,1.691362679413208,23.08543066979052,1
0.01863149999999733,1.8096121822226452,23.065016442067584,1
0.018632499999997332,1.927743494634662,23.044620266452664,1
0.018633499999997333,2.04575673478017,23.024242126982486,1
0.01863449999999733,2.163652020672008,23.003882007707954,1
0.018635499999997328,2.167083180310908,23.114179199760468,0
0.01863649999999733,2.048534398114035,23.13256041706221,0
0.01863749999999733,1.9299487762345182,23.148407148138805,0
0.018638499999997327,1.811352639346529,23.161722444624708,0
0.018639499999997325,1.6927723759821,23.172509917976896,0
0.018640499999997326,1.6913626784333409,23.085430670273702,1
0.018641499999997327,1.8096121812441657,23.06501644255028,1
0.018642499999997324,1.9277434936567492,23.044620266934977,1
0.018643499999997322,2.045756733802825,23.024242127464476,1
0.018644499999997323,2.1636520196960514,23.00388200818945,1
0.018645499999997324,2.1670831793593828,23.11417920018002,0
0.01864649999999732,2.048534397159906,23.132560417460937,0
0.01864749999999732,1.9299487752779991,23.14840714851673,0
0.01864849999999732,1.8113526383870158,23.16172244498188,0
0.01864949999999732,1.6927723750198183,23.172509918313306,0
0.01865049999999732,1.6913626774736172,23.085430670646435,1
0.018651499999997316,1.8096121802849925,23.06501644292277,1
0.018652499999997317,1.9277434926989456,23.04462026730705,1
0.018653499999997318,2.0457567328463853,23.024242127836125,1
0.018654499999997316,2.163652018740157,23.003882008560844,1
0.018655499999997313,2.1670831784058215,23.114179200493115,0
0.018656499999997314,2.0485343962039826,23.132560417753425,0
0.018657499999997315,1.9299487743199315,23.148407148788593,0
0.018658499999997313,1.8113526374278437,23.161722445233003,0
0.01865949999999731,1.6927723740597578,23.172509918543767,0
0.01866049999999731,1.6913626765061736,23.08543067091535,1
0.018661499999997312,1.8096121793189264,23.06501644319138,1
0.01866249999999731,1.927743491733435,23.044620267575528,1
0.018663499999997307,2.0457567318814336,23.024242128104422,1
0.018664499999997308,2.1636520177765766,23.00388200882884,1
0.01866549999999731,2.167083177419228,23.114179200705344,0
0.018666499999997307,2.048534395216897,23.13256041794442,0
0.018667499999997304,1.9299487733325762,23.14840714895834,0
0.018668499999997305,1.811352636439616,23.161722445381685,0
0.018669499999997306,1.6927723730708781,23.17250991867134,0
0.018670499999997304,1.6913626755165,23.085430671082282,1
0.0186714999999973,1.8096121783298313,23.065016443358193,1
0.018672499999997302,1.9277434907457371,23.04462026774214,1
0.018673499999997303,2.0457567308951305,23.02424212827084,1
0.0186744999999973,2.16365201679085,23.003882008995195,1
0.0186754999999973,2.167083176460276,23.114179200809385,0
0.0186764999999973,2.0485343942576746,23.13256041802809,0
0.0186774999999973,1.9299487723733,23.148407149021697,0
0.018678499999997298,1.8113526354813188,23.161722445424623,0
0.018679499999997295,1.6927723721137726,23.172509918693923,0
0.018680499999997296,1.6913626745583035,23.085430671142085,1
0.018681499999997297,1.8096121773730025,23.065016443417903,1
0.018682499999997295,1.9277434897894556,23.044620267801836,1
0.018683499999997293,2.045756729939397,23.024242128330556,1
0.018684499999997294,2.163652015836484,23.0038820090548,1
0.018685499999997295,2.1670831754838877,23.114179200814043,0
0.018686499999997292,2.0485343932828615,23.132560418012048,0
0.01868749999999729,1.9299487714002665,23.148407148984987,0
0.01868849999999729,1.8113526345094568,23.16172244536742,0
0.01868949999999729,1.6927723711432943,23.172509918616278,0
0.01869049999999729,1.6913626735880465,23.08543067110317,1
0.018691499999997287,1.8096121764033046,23.065016443379076,1
0.018692499999997288,1.9277434888211364,23.04462026776299,1
0.01869349999999729,2.0457567289724548,23.024242128291643,1
0.018694499999997286,2.1636520148701015,23.003882009015964,1
0.018695499999997284,2.167083174545251,23.114179200714293,0
0.018696499999997285,2.0485343923459642,23.13256041789267,0
0.018697499999997286,1.929948770465314,23.148407148846054,0
0.018698499999997283,1.8113526335774717,23.161722445208877,0
0.01869949999999728,1.6927723702144786,23.172509918438227,0
0.018700499999997282,1.6913626726591195,23.085430670961493,1
0.018701499999997283,1.8096121754757157,23.065016443237464,1
0.01870249999999728,1.9277434878940647,23.044620267621593,1
0.018703499999997278,2.0457567280458995,23.024242128150455,1
0.01870449999999728,2.16365201394488,23.003882008874797,1
0.01870549999999728,2.1670831735989444,23.11417920052019,0
0.018706499999997277,2.048534391403176,23.132560417678757,0
0.018707499999997275,1.9299487695262423,23.148407148612478,0
0.018708499999997276,1.8113526326414968,23.161722444955828,0
0.018709499999997277,1.692772369281798,23.172509918165787,0
0.018710499999997274,1.6913626717276045,23.08543067072648,1
0.018711499999997272,1.8096121745447227,23.06501644300272,1
0.018712499999997273,1.927743486964413,23.044620267386964,1
0.018713499999997274,2.0457567271175874,23.02424212791599,1
0.01871449999999727,2.163652013017085,23.003882008640655,1
0.01871549999999727,2.167083172699788,23.11417920022759,0
0.01871649999999727,2.048534390507641,23.13256041736765,0
0.01871749999999727,1.9299487686345151,23.14840714828293,0
0.01871849999999727,1.8113526317545872,23.16172244460787,0
0.018719499999997266,1.692772368399894,23.172509917799545,0
0.018720499999997267,1.6913626708464862,23.08543067039484,1
0.018721499999997268,1.809612173664895,23.065016442671293,1
0.018722499999997266,1.927743486085055,23.044620267055947,1
0.018723499999997263,2.045756726238696,23.02424212758532,1
0.018724499999997264,2.1636520121394796,23.003882008310203,1
0.018725499999997265,2.167083171801941,23.11417919984731,0
0.018726499999997263,2.0485343896151154,23.132560416968875,0
0.01872749999999726,1.9299487677474927,23.148407147865832,0
0.01872849999999726,1.8113526308724268,23.16172244417269,0
0.018729499999997262,1.692772367522781,23.172509917346385,0
0.01873049999999726,1.6913626699713886,23.085430669977104,1
0.018731499999997257,1.8096121727902632,23.065016442254045,1
0.01873249999999726,1.9277434852117046,23.044620266638958,1
0.01873349999999726,2.045756725366629,23.024242127168613,1
0.018734499999997257,2.163652011267874,23.003882007893928,1
0.018735499999997254,2.16708317095979,23.11417919937617,0
0.018736499999997255,2.0485343887782936,23.13256041648071,0
0.018737499999997256,1.9299487669161757,23.148407147360768,0
0.018738499999997254,1.8113526300476042,23.161722443650753,0
0.01873949999999725,1.6927723667046206,23.17250991680775,0
0.018740499999997252,1.6913626691592227,23.08543066947015,1
0.018741499999997253,1.809612171979317,23.065016441747463,1
0.01874249999999725,1.9277434844011605,23.04462026613288,1
0.01874349999999725,2.0457567245564867,23.024242126663054,1
0.01874449999999725,2.163652010458955,23.003882007388746,1
0.01874549999999725,2.1670831701564293,23.11417919882284,0
0.018746499999997248,2.048534387981859,23.13256041591115,0
0.018747499999997246,1.9299487661268298,23.14840714677511,0
0.018748499999997247,1.811352629264683,23.161722443049346,0
0.018749499999997248,1.6927723659282814,23.17250991619073,0
0.018750499999997245,1.6913626683803993,23.08543066888505,1
0.018751499999997243,1.809612171200863,23.06501644116293,1
0.018752499999997244,1.9277434836238947,23.0446202655488,1
0.018753499999997245,2.0457567237804084,23.024242126079407,1
0.018754499999997242,2.1636520096832417,23.003882006805682,1
0.01875549999999724,2.1670831693623827,23.11417919819611,0
0.01875649999999724,2.0485343871946387,23.13256041526863,0
0.01875749999999724,1.9299487653465928,23.148407146116984,0
0.01875849999999724,1.8113526284924066,23.16172244237563,0
0.018759499999997237,1.692772365164117,23.172509915501664,0
0.018760499999997238,1.6913626676184947,23.085430668227357,1
0.01876149999999724,1.8096121704401298,23.06501644050574,1
0.018762499999997236,1.927743482863512,23.044620264892284,1
0.018763499999997234,2.045756723020374,23.02424212542356,1
0.018764499999997235,2.163652008924376,23.00388200615033,1
0.018765499999997236,2.167083168633149,23.114179197493165,0
0.018766499999997233,2.048534386473738,23.132560414551218,0
0.01876749999999723,1.9299487646341618,23.148407145385324,0
0.018768499999997232,1.8113526277877607,23.161722441630033,0
0.018769499999997233,1.692772364467395,23.172509914742268,0
0.01877049999999723,1.691362666925157,23.085430667495633,1
0.018771499999997228,1.8096121697470773,23.065016439774745,1
0.01877249999999723,1.9277434821715618,23.044620264161832,1
0.01877349999999723,2.0457567223295237,23.024242124693668,1
0.018774499999997227,2.1636520082338064,23.00388200542118,1
0.018775499999997225,2.167083167924849,23.11417919672575,0
0.018776499999997226,2.0485343857735683,23.132560413770037,0
0.018777499999997227,1.929948763942253,23.148407144590553,0
0.018778499999997224,1.811352627105068,23.161722440821777,0
0.018779499999997222,1.6927723637940457,23.172509913920816,0
0.018780499999997223,1.6913626662546382,23.085430666702077,1
0.018781499999997224,1.8096121690776366,23.065016438981814,1
0.01878249999999722,1.9277434815023802,23.04462026336971,1
0.01878349999999722,2.045756721660605,23.024242123902333,1
0.01878449999999722,2.1636520075659638,23.003882004630444,1
0.01878549999999722,2.167083167287172,23.114179195892838,0
0.01878649999999722,2.0485343851454054,23.132560412924835,0
0.018787499999997216,1.9299487633237196,23.14840714373329,0
0.018788499999997217,1.8113526264954567,23.16172243995274,0
0.018789499999997218,1.6927723631934697,23.172509913040177,0
0.018790499999997216,1.6913626656579517,23.08543066584547,1
0.018791499999997213,1.8096121684811362,23.065016438126047,1
0.018792499999997214,1.927743480906887,23.044620262514602,1
0.018793499999997215,2.045756721066112,23.024242123047934,1
0.018794499999997213,2.1636520069716565,23.003882003776894,1
0.01879549999999721,2.1670831666756034,23.114179195006976,0
0.01879649999999721,2.048534384543028,23.132560412027416,0
0.018797499999997212,1.9299487627306435,23.148407142824492,0
0.01879849999999721,1.8113526259126094,23.161722439032715,0
0.018799499999997207,1.6927723626209565,23.17250991210917,0
0.01880049999999721,1.6913626650887097,23.08543066493847,1
0.01880149999999721,1.8096121679128734,23.065016437219786,1
0.018802499999997207,1.9277434803387814,23.04462026160921,1
0.018803499999997204,2.045756720498168,23.024242122143388,1
0.018804499999997205,2.163652006404689,23.003882002873084,1
0.018805499999997206,2.167083166139215,23.11417919406744,0
0.018806499999997204,2.0485343840170973,23.13256041107787,0
0.0188074999999972,1.9299487622152625,23.148407141865185,0
0.018808499999997202,1.8113526254070413,23.161722438063997,0
0.018809499999997203,1.6927723621252895,23.172509911131193,0
0.0188104999999972,1.6913626645973134,23.085430663980464,1
0.0188114999999972,1.8096121674215584,23.065016436262688,1
0.0188124999999972,1.9277434798483684,23.044620260652884,1
0.0188134999999972,2.045756720008655,23.024242121187854,1
0.018814499999997198,2.163652005915257,23.003882001918452,1
0.018815499999997196,2.1670831656328753,23.114179193086834,0
0.018816499999997197,2.0485343835207632,23.13256041008807,0
0.018817499999997198,1.9299487617290156,23.148407140866414,0
0.018818499999997195,1.8113526249317884,23.161722437056373,0
0.018819499999997193,1.6927723616611103,23.17250991011502,0
0.018820499999997194,1.6913626641411208,23.085430662983597,1
0.018821499999997195,1.8096121669662326,23.06501643526661,1
0.018822499999997192,1.9277434793930874,23.04462025965776,1
0.01882349999999719,2.0457567195534203,23.02424212019368,1
0.01882449999999719,2.163652005460889,23.003882000925103,1
0.01882549999999719,2.1670831651859563,23.114179192067027,0
0.01882649999999719,2.0485343830849922,23.13256040906023,0
0.018827499999997187,1.929948761304464,23.148407139830844,0
0.018828499999997188,1.8113526245176996,23.161722436013413,0
0.01882949999999719,1.692772361257547,23.17250990906491,0
0.018830499999997186,1.6913626637368435,23.0854306619512,1
0.018831499999997184,1.809612166561949,23.06501643423521,1
0.018832499999997185,1.9277434789896177,23.044620258627205,1
0.018833499999997186,2.045756719150763,23.024242119163993,1
0.018834499999997183,2.163652005058225,23.00388199989638,1
0.01883549999999718,2.167083164815075,23.114179191012386,0
0.018836499999997182,2.0485343827246894,23.13256040799938,0
0.018837499999997183,1.9299487609547936,23.148407138764014,0
0.01883849999999718,1.8113526241795312,23.161722434940728,0
0.018839499999997178,1.6927723609309295,23.172509907986644,0
0.01884049999999718,1.6913626634139916,23.085430660886388,1
0.01884149999999718,1.80961216623983,23.065016433171294,1
0.018842499999997177,1.9277434786674106,23.044620257564315,1
0.018843499999997175,2.045756718828467,23.024242118102084,1
0.018844499999997176,2.1636520047366585,23.003881998835357,1
0.018845499999997177,2.167083164476057,23.114179189935637,0
0.018846499999997175,2.0485343823972566,23.132560406917037,0
0.018847499999997172,1.9299487606389851,23.148407137676315,0
0.018848499999997173,1.8113526238745707,23.161722433848002,0
0.018849499999997174,1.692772360636854,23.172509906889125,0
0.01885049999999717,1.691362663124541,23.085430659802118,1
0.01885149999999717,1.8096121659502558,23.065016432088015,1
0.01885249999999717,1.9277434783785363,23.0446202564819,1
0.01885349999999717,2.0457567185402925,23.024242117020535,1
0.01885449999999717,2.1636520044483643,23.00388199775483,1
0.018855499999997166,2.1670831642196506,23.11417918883617,0
0.018856499999997167,2.048534382151736,23.132560405813834,0
0.018857499999997168,1.929948760404375,23.148407136569592,0
0.018858499999997166,1.811352623651718,23.16172243273795,0
0.018859499999997163,1.6927723604257776,23.172509905775954,0
0.018860499999997164,1.6913626629172738,23.08543065869801,1
0.018861499999997165,1.8096121657436082,23.065016430984794,1
0.018862499999997163,1.9277434781716853,23.04462025537978,1
0.01886349999999716,2.0457567183332355,23.024242115919456,1
0.01886449999999716,2.1636520042419196,23.003881996654663,1
0.018865499999997162,2.1670831639958013,23.11417918772731,0
0.01886649999999716,2.048534381939647,23.132560404701845,0
0.018867499999997157,1.9299487602040686,23.148407135454725,0
0.01886849999999716,1.8113526234623851,23.161722431620543,0
0.01886949999999716,1.6927723602474352,23.172509904656245,0
0.018870499999997157,1.691362662743541,23.08543065758708,1
0.018871499999997154,1.8096121655696396,23.065016429874962,1
0.018872499999997155,1.9277434779983,23.044620254270857,1
0.018873499999997156,2.045756718160435,23.02424211481149,1
0.018874499999997154,2.1636520040688842,23.00388199554773,1
0.01887549999999715,2.1670831638546306,23.11417918660837,0
0.018876499999997153,2.048534381809415,23.132560403581646,0
0.018877499999997154,1.9299487600847736,23.148407134333496,0
0.01887849999999715,1.811352623354847,23.161722430498408,0
0.01887949999999715,1.6927723601516484,23.17250990353347,0
0.01888049999999715,1.6913626626514862,23.08543065646878,1
0.01888149999999715,1.8096121654780881,23.065016428757577,1
0.018882499999997148,1.9277434779064306,23.04462025315449,1
0.018883499999997146,2.0457567180682483,23.024242113696175,1
0.018884499999997147,2.1636520039772003,23.003881994433314,1
0.018885499999997148,2.167083163745459,23.11417918549224,0
0.018886499999997145,2.0485343817119364,23.132560402464794,0
0.018887499999997143,1.9299487599989789,23.148407133216185,0
0.018888499999997144,1.8113526232799082,23.161722429380987,0
0.018889499999997145,1.6927723600875524,23.172509902416152,0
0.018890499999997142,1.6913626625918616,23.08543065535573,1
0.01889149999999714,1.8096121654181094,23.065016427645563,1
0.01889249999999714,1.9277434778469216,23.044620252043366,1
0.018893499999997142,2.0457567180092093,23.024242112585952,1
0.01889449999999714,2.163652003917813,23.00388199332415,1
0.018895499999997137,2.1670831637177885,23.114179184377797,0
0.018896499999997138,2.0485343816950223,23.132560401351462,0
0.01889749999999714,1.9299487599927954,23.1484071321042,0
0.018898499999997136,1.8113526232852486,23.161722428270497,0
0.018899499999997134,1.6927723601043883,23.172509901307393,0
0.018900499999997135,1.691362662612232,23.085430654247098,1
0.018901499999997136,1.8096121654388713,23.065016426537845,1
0.018902499999997133,1.927743477867253,23.044620250936735,1
0.01890349999999713,2.0457567180291094,23.024242111480365,1
0.018904499999997132,2.1636520039381004,23.00388199221949,1
0.018905499999997133,2.1670831637203865,23.11417918327823,0
0.01890649999999713,2.0485343817090063,23.132560400253524,0
0.018907499999997128,1.9299487600181395,23.148407131008142,0
0.01890849999999713,1.8113526233210964,23.161722427176645,0
0.01890949999999713,1.6927723601507045,23.172509900215996,0
0.018910499999997128,1.6913626626671747,23.085430653154905,1
0.018911499999997125,1.8096121654933488,23.065016425446686,1
0.018912499999997126,1.9277434779220868,23.044620249846453,1
0.018913499999997127,2.0457567180842946,23.024242110390947,1
0.018914499999997125,2.163652003992824,23.00388199113109,1
0.018915499999997122,2.167083163783178,23.11417918219392,0
0.018916499999997123,2.048534381782138,23.132560399172235,0
0.018917499999997124,1.9299487601015655,23.148407129930085,0
0.01891849999999712,1.8113526234155957,23.161722426101885,0
0.01891949999999712,1.692772360256228,23.172509899144796,0
0.01892049999999712,1.6913626627707057,23.085430652081627,1
0.01892149999999712,1.8096121655971862,23.065016424374303,1
0.01892249999999712,1.9277434780254117,23.044620248775086,1
0.018923499999997116,2.0457567181871106,23.02424210932064,1
0.018924499999997117,2.163652004095946,23.003881990061647,1
0.018925499999997118,2.1670831639167867,23.11417918112907,0
0.018926499999997116,2.048534381926628,23.13256039811173,0
0.018927499999997113,1.9299487602568826,23.148407128874133,0
0.018928499999997114,1.811352623580851,23.161722425050836,0
0.018929499999997115,1.6927723604313607,23.17250989809881,0
0.018930499999997113,1.6913626629497067,23.08543065102938,1
0.01893149999999711,1.8096121657755972,23.065016423323044,1
0.01893249999999711,1.9277434782040508,23.044620247724705,1
0.018933499999997112,2.0457567183659786,23.02424210827108,1
0.01893449999999711,2.163652004274222,23.003881989013117,1
0.018935499999997107,2.1670831640777273,23.114179180094663,0
0.01893649999999711,2.048534382097287,23.132560397082354,0
0.01893749999999711,1.9299487604371939,23.148407127849968,0
0.018938499999997107,1.8113526237715785,23.161722424032,0
0.018939499999997104,1.6927723606324345,23.172509897085494,0
0.018940499999997105,1.691362663153605,23.08543065000991,1
0.018941499999997106,1.8096121659797026,23.065016422304392,1
0.018942499999997104,1.9277434784075442,23.044620246707048,1
0.0189434999999971,2.04575671856886,23.024242107254416,1
0.018944499999997103,2.1636520044773095,23.003881987997243,1
0.018945499999997104,2.167083164310905,23.11417917908953,0
0.0189464999999971,2.0485343823406277,23.132560396083566,0
0.0189474999999971,1.9299487606906216,23.148407126857762,0
0.0189484999999971,1.8113526240341853,23.16172242304664,0
0.0189494999999971,1.6927723609041405,23.172509896107197,0
0.018950499999997098,1.6913626634287309,23.08543064902151,1
0.018951499999997096,1.8096121662541427,23.065016421316933,1
0.018952499999997097,1.927743478682119,23.04462024572035,1
0.018953499999997098,2.0457567188435686,23.024242106268503,1
0.018954499999997095,2.163652004751338,23.003881987012267,1
0.018955499999997093,2.1670831645671593,23.11417917812438,0
0.018956499999997094,2.048534382605794,23.132560395125356,0
0.018957499999997095,1.9299487609646169,23.14840712590662,0
0.018958499999997092,1.8113526243177485,23.161722422102688,0
0.01895949999999709,1.692772361197184,23.172509895170617,0
0.01896049999999709,1.6913626637241133,23.085430648075107,1
0.018961499999997092,1.8096121665496407,23.065016420371318,1
0.01896249999999709,1.9277434789769117,23.044620244775675,1
0.018963499999997087,2.0457567191376578,23.02424210532475,1
0.018964499999997088,2.1636520050455412,23.003881986069317,1
0.01896549999999709,2.167083164890978,23.11417917719746,0
0.018966499999997086,2.0485343829388802,23.132560394206607,0
0.018967499999997084,1.9299487613068773,23.14840712499628,0
0.018968499999997085,1.8113526246682607,23.16172242120098,0
0.018969499999997086,1.6927723615558488,23.17250989427769,0
0.018970499999997083,1.6913626640856658,23.085430647168643,1
0.01897149999999708,1.8096121669104204,23.065016419465746,1
0.018972499999997082,1.9277434793377397,23.044620243870806,1
0.018973499999997083,2.0457567194985384,23.024242104420615,1
0.01897449999999708,2.1636520054056505,23.003881985166043,1
0.018975499999997078,2.167083165232803,23.114179176319176,0
0.01897649999999708,2.0485343832886436,23.132560393336895,0
0.01897749999999708,1.9299487616644793,23.148407124135236,0
0.018978499999997078,1.811352625034427,23.16172242034873,0
0.018979499999997075,1.6927723619304769,23.17250989343442,0
0.018980499999997076,1.6913626644620712,23.085430646312272,1
0.018981499999997077,1.8096121672868628,23.065016418610053,1
0.018982499999997075,1.9277434797133979,23.04462024301595,1
0.018983499999997072,2.0457567198734083,23.024242103566564,1
0.018984499999997073,2.163652005780557,23.003881984312663,1
0.018985499999997074,2.1670831656367975,23.114179175486484,0
0.01898649999999707,2.0485343837008707,23.13256039251394,0
0.01898749999999707,1.9299487620848241,23.148407123322215,0
0.01898849999999707,1.8113526254619543,23.161722419545836,0
0.01898949999999707,1.6927723623650721,23.172509892641816,0
0.01899049999999707,1.6913626649033746,23.085430645502456,1
0.018991499999997066,1.8096121677273131,23.065016417800987,1
0.018992499999997067,1.9277434801538174,23.044620242207532,1
0.01899349999999707,2.0457567203137974,23.024242102758798,1
0.018994499999997066,2.1636520062200963,23.003881983505668,1
0.018995499999997063,2.167083166082531,23.114179174706397,0
0.018996499999997064,2.0485343841534296,23.132560391744484,0
0.018997499999997065,1.929948762544095,23.148407122563516,0
0.018998499999997063,1.8113526259286408,23.161722418797925,0
0.01899949999999706,1.6927723628390507,23.172509891904824,0
0.01900049999999706,1.691362665373267,23.085430644748563,1
0.019001499999997062,1.8096121681971467,23.0650164170477,1
0.01900249999999706,1.9277434806227713,23.044620241454986,1
0.019003499999997057,2.045756720781873,23.024242102007005,1
0.01900449999999706,2.1636520066881095,23.003881982754468,1
0.01900549999999706,2.167083166530555,23.11417917398666,0
0.019006499999997057,2.0485343846085042,23.13256039103526,0
0.019007499999997055,1.9299487630060979,23.148407121864928,0
0.019008499999997056,1.811352626396631,23.161722418110198,0
0.019009499999997057,1.692772363312907,23.17250989122807,0
0.019010499999997054,1.691362665848771,23.085430644054668,1
0.01901149999999705,1.8096121686717654,23.06501641635451,1
0.019012499999997053,1.9277434810973246,23.04462024076234,1
0.019013499999997054,2.045756721256363,23.02424210131489,1
0.01901449999999705,2.163652007161719,23.003881982063074,1
0.01901549999999705,2.1670831670331476,23.114179173321624,0
0.01901649999999705,2.0485343851167053,23.132560390381887,0
0.01901749999999705,1.9299487635197825,23.148407121223315,0
0.019018499999997048,1.8113526269164928,23.161722417480384,0
0.019019499999997046,1.6927723638388164,23.17250989061014,0
0.019020499999997047,1.691362666375174,23.085430643416405,1
0.019021499999997048,1.8096121691980527,23.065016415716737,1
0.019022499999997045,1.9277434816226764,23.044620240125173,1
0.019023499999997043,2.04575672178078,23.024242100678325,1
0.019024499999997044,2.1636520076860206,23.003881981427,1
0.019025499999997045,2.1670831675368447,23.114179172720373,0
0.019026499999997042,2.048534385626196,23.132560389792125,0
0.01902749999999704,1.9299487640349426,23.14840712064519,0
0.01902849999999704,1.8113526274363707,23.161722416914042,0
0.019029499999997042,1.6927723643632837,23.172509890055665,0
0.01903049999999704,1.6913626669006139,23.08543064284264,1
0.019031499999997037,1.8096121697225558,23.06501641514356,1
0.019032499999997038,1.927743482147066,23.044620239552454,1
0.01903349999999704,2.045756722305053,23.02424210010607,1
0.019034499999997036,2.1636520082093633,23.00388198085527,1
0.019035499999997034,2.1670831680885323,23.114179172177543,0
0.019036499999997035,2.0485343861822125,23.132560389261812,0
0.019037499999997036,1.929948764595154,23.148407120127445,0
0.019038499999997033,1.8113526280014647,23.1617224164089,0
0.01903949999999703,1.6927723649331226,23.1725098895632,0
0.019040499999997032,1.6913626674702662,23.08543064232812,1
0.019041499999997033,1.809612170292049,23.06501641462941,1
0.01904249999999703,1.9277434827155802,23.044620239038807,1
0.019043499999997028,2.0457567228725893,23.02424209959295,1
0.01904449999999703,2.1636520087767392,23.00388198034255,1
0.01904549999999703,2.167083168634634,23.114179171702116,0
0.019046499999997028,2.0485343867328036,23.132560388798613,0
0.019047499999997025,1.929948765150101,23.14840711967653,0
0.019048499999997026,1.8113526285598092,23.161722415970388,0
0.019049499999997027,1.692772365494731,23.17250988913719,0
0.019050499999997025,1.6913626680321587,23.085430641881185,1
0.019051499999997022,1.8096121708529693,23.065016414182928,1
0.019052499999997023,1.9277434832763485,23.044620238592653,1
0.019053499999997024,2.0457567234332075,23.024242099147138,1
0.019054499999997022,2.163652009336389,23.003881979897237,1
0.01905549999999702,2.1670831692219727,23.114179171287972,0
0.01905649999999702,2.048534387323141,23.132560388397554,0
0.01905749999999702,1.9299487657432979,23.148407119288613,0
0.01905849999999702,1.8113526291565494,23.16172241559561,0
0.019059499999997016,1.6927723660948721,23.172509888775533,0
0.019060499999997017,1.6913626686314176,23.08543064149615,1
0.01906149999999702,1.8096121714520406,23.065016413798187,1
0.019062499999997016,1.92774348387441,23.044620238208328,1
0.019063499999997013,2.0457567240302628,23.024242098763207,1
0.019064499999997014,2.1636520099332537,23.00388197951353,1
0.019065499999997015,2.1670831697969013,23.11417917094303,0
0.019066499999997013,2.0485343879012143,23.132560388065205,0
0.01906749999999701,1.9299487663243835,23.14840711896892,0
0.01906849999999701,1.8113526297396882,23.16172241528872,0
0.019069499999997012,1.6927723666799301,23.172509888481468,0
0.01907049999999701,1.6913626692160688,23.085430641180128,1
0.019071499999997008,1.8096121720356975,23.065016413482496,1
0.01907249999999701,1.9277434844578962,23.044620237892843,1
0.01907349999999701,2.045756724613574,23.02424209844796,1
0.019074499999997007,2.163652010515572,23.003881979198663,1
0.019075499999997005,2.1670831704062494,23.114179170660655,0
0.019076499999997006,2.0485343885122225,23.13256038779622,0
0.019077499999997007,1.9299487669369078,23.14840711871331,0
0.019078499999997004,1.8113526303544134,23.161722415046366,0
0.019079499999997,1.6927723672967139,23.172509888252428,0
0.019080499999997003,1.6913626698356925,23.085430640926333,1
0.019081499999997004,1.809612172655114,23.065016413228893,1
0.019082499999997,1.9277434850762825,23.044620237639542,1
0.019083499999997,2.0457567252309325,23.024242098194943,1
0.019084499999997,2.163652011132725,23.003881978945806,1
0.019085499999997,2.167083171025857,23.1141791704449,0
0.019086499999996998,2.0485343891336267,23.13256038759385,0
0.019087499999996996,1.9299487675599722,23.148407118524364,0
0.019088499999996997,1.8113526309781744,23.161722414870923,0
0.019089499999996998,1.69277236792103,23.172509888090506,0
0.019090499999996995,1.69136267045367,23.085430640741034,1
0.019091499999996993,1.8096121732720611,23.06501641304382,1
0.019092499999996994,1.927743485693023,23.044620237454527,1
0.019093499999996995,2.045756725847466,23.024242098010006,1
0.019094499999996992,2.1636520117482356,23.0038819787611,1
0.01909549999999699,2.167083171619266,23.114179170299753,0
0.01909649999999699,2.0485343897273447,23.132560387461513,0
0.019097499999996992,1.9299487681538625,23.148407118404773,0
0.01909849999999699,1.8113526315729276,23.161722414764025,0
0.019099499999996987,1.6927723685165124,23.17250988799628,0
0.019100499999996988,1.6913626710469043,23.085430640624452,1
0.01910149999999699,1.809612173865112,23.065016412927235,1
0.019102499999996986,1.9277434862850722,23.04462023733814,1
0.019103499999996984,2.045756726438515,23.024242097893772,1
0.019104499999996985,2.1636520123390985,23.00388197864488,1
0.019105499999996986,2.1670831722353645,23.11417917021628,0
0.019106499999996984,2.0485343903439284,23.13256038739115,0
0.01910749999999698,1.9299487687707948,23.148407118347556,0
0.019108499999996982,1.8113526321892488,23.161722414720025,0
0.019109499999996983,1.6927723691320835,23.172509887965422,0
0.01911049999999698,1.6913626716607253,23.085430640569115,1
0.019111499999996978,1.8096121744779112,23.065016412872062,1
0.01911249999999698,1.927743486897669,23.044620237282963,1
0.01911349999999698,2.045756727050909,23.024242097838606,1
0.019114499999996978,2.1636520129504753,23.003881978589828,1
0.019115499999996975,2.167083172824022,23.114179170200423,0
0.019116499999996976,2.048534390931606,23.13256038738781,0
0.019117499999996977,1.9299487693573627,23.148407118356694,0
0.019118499999996975,1.8113526327754017,23.16172241474147,0
0.019119499999996972,1.692772369717696,23.1725098879992,0
0.019120499999996973,1.6913626722434523,23.08543064058077,1
0.019121499999996974,1.809612175060464,23.065016412883605,1
0.019122499999996972,1.9277434874792279,23.044620237294556,1
0.01912349999999697,2.0457567276314794,23.02424209785024,1
0.01912449999999697,2.1636520135308728,23.003881978601427,1
0.01912549999999697,2.167083173429053,23.1141791702441,0
0.01912649999999697,2.0485343915358674,23.132560387444126,0
0.019127499999996966,1.9299487699607245,23.148407118425627,0
0.019128499999996967,1.8113526333769097,23.161722414823117,0
0.01912949999999697,1.6927723703172195,23.172509888093504,0
0.019130499999996966,1.6913626728406153,23.085430640651207,1
0.019131499999996963,1.8096121756566217,23.065016412954034,1
0.019132499999996964,1.9277434880752007,23.04462023736485,1
0.019133499999996965,2.045756728227263,23.02424209792041,1
0.019134499999996963,2.16365201412565,23.00388197867156,1
0.01913549999999696,2.1670831740005294,23.11417917035201,0
0.01913649999999696,2.0485343921051458,23.132560387564023,0
0.019137499999996962,1.9299487705276865,23.148407118557454,0
0.01913849999999696,1.8113526339422585,23.16172241496672,0
0.019139499999996958,1.6927723708808324,23.17250988824881,0
0.01914049999999696,1.6913626734007563,23.085430640785077,1
0.01914149999999696,1.8096121762166137,23.06501641308774,1
0.019142499999996957,1.927743488634222,23.044620237498513,1
0.019143499999996955,2.0457567287853173,23.024242098054017,1
0.019144499999996956,2.1636520146835574,23.00388197880499,1
0.019145499999996957,2.1670831745825008,23.11417917051614,0
0.019146499999996954,2.0485343926851725,23.132560387740178,0
0.01914749999999695,1.9299487711056476,23.148407118745542,0
0.019148499999996953,1.8113526345172062,23.161722415166764,0
0.019149499999996954,1.6927723714526468,23.172509888460755,0
0.01915049999999695,1.691362673969643,23.085430640974153,1
0.01915149999999695,1.8096121767845192,23.065016413276712,1
0.01915249999999695,1.9277434892019703,23.044620237687223,1
0.01915349999999695,2.0457567293529064,23.02424209824249,1
0.01915449999999695,2.163652015250172,23.003881978993398,1
0.019155499999996946,2.1670831751252773,23.114179170740634,0
0.019156499999996947,2.048534393224624,23.132560387975843,0
0.019157499999996948,1.9299487716416641,23.148407118992335,0
0.019158499999996945,1.8113526350505003,23.16172241542454,0
0.019159499999996943,1.6927723719831047,23.172509888729376,0
0.019160499999996944,1.691362674500499,23.085430641221862,1
0.019161499999996945,1.8096121773152551,23.065016413524145,1
0.019162499999996942,1.9277434897317645,23.04462023793454,1
0.01916349999999694,2.045756729881764,23.024242098489644,1
0.01916449999999694,2.1636520157789096,23.003881979240234,1
0.019165499999996942,2.16708317565417,23.114179171018737,0
0.01916649999999694,2.0485343937505,23.132560388264693,0
0.019167499999996937,1.9299487721644144,23.148407119291832,0
0.019168499999996938,1.8113526355691938,23.16172241573465,0
0.01916949999999694,1.6927723724976358,23.17250988905004,0
0.019170499999996937,1.6913626750063782,23.085430641523065,1
0.019171499999996934,1.8096121778202192,23.065016413825113,1
0.019172499999996935,1.9277434902366333,23.04462023823516,1
0.019173499999996936,2.0457567303865356,23.024242098789923,1
0.019174499999996934,2.1636520162827657,23.003881979540317,1
0.01917549999999693,2.1670831761821785,23.114179171345825,0
0.019176499999996932,2.048534394274179,23.132560388602528,0
0.019177499999996933,1.9299487726836566,23.14840711964028,0
0.01917849999999693,1.8113526360847194,23.16172241609349,0
0.019179499999996928,1.692772373009343,23.17250988941924,0
0.01918049999999693,1.6913626755136122,23.085430641871636,1
0.01918149999999693,1.809612178327355,23.06501641417331,1
0.019182499999996928,1.9277434907428541,23.04462023858313,1
0.019183499999996925,2.04575673089184,23.024242099137663,1
0.019184499999996926,2.1636520167879754,23.003881979887698,1
0.019185499999996927,2.167083176662044,23.114179171725585,0
0.019186499999996925,2.048534394750072,23.132560388991816,0
0.019187499999996922,1.929948773155482,23.148407120039,0
0.019188499999996923,1.811352636551561,23.16172241650164,0
0.019189499999996924,1.692772373471107,23.172509889836615,0
0.019190499999996922,1.6913626759715121,23.085430642271284,1
0.01919149999999692,1.8096121787843886,23.065016414572696,1
0.01919249999999692,1.9277434911998417,23.044620238982056,1
0.01919349999999692,2.0457567313487823,23.024242099536192,1
0.01919449999999692,2.1636520172440505,23.003881980285957,1
0.019195499999996916,2.16708317714187,23.114179172147885,0
0.019196499999996917,2.048534395224675,23.132560389423674,0
0.01919749999999692,1.9299487736247718,23.148407120480307,0
0.019198499999996916,1.811352637016268,23.161722416952184,0
0.019199499999996913,1.6927723739311393,23.1725098902963,0
0.019200499999996914,1.6913626764266685,23.085430642712367,1
0.019201499999996915,1.809612179239499,23.065016415013314,1
0.019202499999996913,1.9277434916540863,23.044620239422382,1
0.01920349999999691,2.0457567318021646,23.02424209997618,1
0.01920449999999691,2.163652017697391,23.003881980725488,1
0.019205499999996913,2.167083177569483,23.114179172616637,0
0.01920649999999691,2.0485343956474917,23.132560389900714,0
0.019207499999996908,1.9299487740427093,23.1484071209655,0
0.01920849999999691,1.811352637428425,23.161722417445567,0
0.01920949999999691,1.6927723743374394,23.172509890797702,0
0.019210499999996907,1.691362676828744,23.08543064319808,1
0.019211499999996905,1.8096121796407634,23.06501641549866,1
0.019212499999996906,1.9277434920553598,23.044620239907232,1
0.019213499999996907,2.045756732203444,23.024242100460548,1
0.019214499999996904,2.1636520180978605,23.003881981209492,1
0.0192154999999969,2.1670831779933626,23.114179173121293,0
0.019216499999996903,2.048534396065398,23.132560390413637,0
0.019217499999996904,1.9299487744545627,23.148407121486574,0
0.0192184999999969,1.811352637834971,23.161722417974524,0
0.0192194999999969,1.6927723747386016,23.172509891334432,0
0.0192204999999969,1.691362677224712,23.085430643718333,1
0.0192214999999969,1.8096121800367473,23.065016416018395,1
0.0192224999999969,1.9277434924505383,23.044620240426564,1
0.019223499999996896,2.0457567325978196,23.024242100979485,1
0.019224499999996897,2.163652018492249,23.003881981727854,1
0.019225499999996898,2.1670831783617204,23.11417917366515,0
0.019226499999996895,2.04853439642828,23.13256039096446,0
0.019227499999996893,1.929948774811905,23.14840712204421,0
0.019228499999996894,1.8113526381858869,23.16172241853888,0
0.019229499999996895,1.692772375083027,23.172509891905396,0
0.019230499999996892,1.6913626775646253,23.085430644276034,1
0.01923149999999689,1.809612180375908,23.06501641657565,1
0.01923249999999689,1.9277434927897696,23.04462024098323,1
0.019233499999996892,2.045756732937122,23.024242101535588,1
0.01923449999999689,2.163652018830804,23.00388198228355,1
0.019235499999996887,2.1670831787234266,23.11417917423769,0
0.019236499999996888,2.0485343967834093,23.132560391543823,0
0.01923749999999689,1.9299487751603954,23.14840712263028,0
0.019238499999996887,1.8113526385284975,23.161722419131443,0
0.019239499999996884,1.6927723754196995,23.172509892504326,0
0.019240499999996885,1.6913626778958586,23.085430644860974,1
0.019241499999996886,1.8096121807072223,23.065016417160034,1
0.019242499999996884,1.927743493120343,23.04462024156722,1
0.01924349999999688,2.0457567332669537,23.024242102119125,1
0.019244499999996882,2.1636520191607147,23.003881982866524,1
0.019245499999996883,2.1670831790270757,23.114179174842214,0
0.01924649999999688,2.0485343970810588,23.132560392153806,0
0.019247499999996878,1.9299487754519957,23.148407123245565,0
0.01924849999999688,1.8113526388131789,23.161722419751996,0
0.01924949999999688,1.6927723756974145,23.17250989312997,0
0.019250499999996878,1.6913626781732736,23.08543064547531,1
0.019251499999996875,1.8096121809839507,23.065016417773908,1
0.019252499999996876,1.9277434933972046,23.044620242180446,1
0.019253499999996877,2.0457567335439477,23.02424210273173,1
0.019254499999996875,2.1636520194370235,23.003881983478653,1
0.019255499999996872,2.1670831793029355,23.114179175469875,0
0.019256499999996873,2.048534397349898,23.132560392786434,0
0.019257499999996874,1.9299487757137705,23.14840712388302,0
0.019258499999996872,1.8113526390686698,23.16172242039401,0
0.01925949999999687,1.6927723759465838,23.172509893776418,0
0.01926049999999687,1.6913626784116147,23.08543064611243,1
0.01926149999999687,1.8096121812224635,23.065016418410355,1
0.01926249999999687,1.92774349363507,23.04462024281641,1
0.019263499999996866,2.045756733781167,23.024242103367232,1
0.019264499999996867,2.1636520196744136,23.0038819841135,1
0.01926549999999687,2.1670831795623884,23.114179176115407,0
0.019266499999996866,2.0485343976029924,23.132560393436442,0
0.019267499999996864,1.9299487759604703,23.148407124537364,0
0.019268499999996865,1.811352639308115,23.16172242105268,0
0.019269499999996866,1.692772376178736,23.172509894439216,0
0.019270499999996863,1.6913626786389448,23.08543064676518,1
0.01927149999999686,1.8096121814491555,23.06501641906261,1
0.01927249999999686,1.9277434938619453,23.044620243468035,1
0.019273499999996863,2.0457567340082234,23.024242104018178,1
0.01927449999999686,2.1636520199008324,23.003881984763957,1
0.019275499999996858,2.167083179763191,23.114179176781022,0
0.01927649999999686,2.0485343977964896,23.13256039410536,0
0.01927749999999686,1.929948776146636,23.14840712520942,0
0.019278499999996857,1.8113526394877493,23.161722421727596,0
0.019279499999996855,1.6927723763518148,23.172509895116878,0
0.019280499999996856,1.6913626788063416,23.085430647436265,1
0.019281499999996857,1.8096121816167947,23.06501641973307,1
0.019282499999996854,1.9277434940290068,23.04462024413796,1
0.019283499999996852,2.04575673417471,23.024242104687623,1
0.019284499999996853,2.1636520200675626,23.00388198543276,1
0.019285499999996854,2.167083179951915,23.11417917745638,0
0.01928649999999685,2.048534397978649,23.132560394783653,0
0.01928749999999685,1.9299487763222065,23.1484071258905,0
0.01928849999999685,1.8113526396558872,23.161722422411437,0
0.01928949999999685,1.6927723765125011,23.172509895803298,0
0.01929049999999685,1.691362678962168,23.085430648115487,1
0.019291499999996846,1.8096121817720554,23.06501642041175,1
0.019292499999996847,1.9277434941845215,23.04462024481598,1
0.019293499999996848,2.0457567343304777,23.02424210536495,1
0.019294499999996845,2.1636520202227625,23.00388198610952,1
0.019295499999996843,2.1670831800814723,23.114179178143885,0
0.019296499999996844,2.048534398100768,23.132560395472932,0
0.019297499999996845,1.9299487764368797,23.148407126581386,0
0.019298499999996842,1.8113526397639306,23.16172242310365,0
0.01929949999999684,1.6927723766139067,23.172509896496734,0
0.01930049999999684,1.6913626790578922,23.085430648805094,1
0.019301499999996842,1.8096121818680933,23.06501642110068,1
0.01930249999999684,1.9277434942800529,23.04462024550435,1
0.019303499999996837,2.0457567344255025,23.024242106052768,1
0.019304499999996838,2.163652020318104,23.00388198679668,1
0.01930549999999684,2.16708318019882,23.11417917883326,0
0.019306499999996837,2.048534398211498,23.132560396163687,0
0.019307499999996834,1.9299487765409837,23.148407127273398,0
0.019308499999996835,1.8113526398605793,23.16172242379689,0
0.019309499999996836,1.6927723767030978,23.172509897191038,0
0.019310499999996834,1.6913626791422567,23.085430649494928,1
0.01931149999999683,1.809612181951965,23.06501642178995,1
0.019312499999996832,1.9277434943642509,23.044620246192977,1
0.019313499999996833,2.0457567345100287,23.024242106740722,1
0.01931449999999683,2.1636520204021354,23.003881987484103,1
0.019315499999996828,2.1670831802572286,23.114179179527266,0
0.01931649999999683,2.0485343982624906,23.13256039685797,0
0.01931749999999683,1.9299487765845706,23.14840712796781,0
0.019318499999996828,1.8113526398975854,23.161722424491177,0
0.019319499999996825,1.6927723767335356,23.17250989788501,0
0.019320499999996826,1.6913626791670924,23.085430650187902,1
0.019321499999996827,1.8096121819771853,23.065016422482255,1
0.019322499999996825,1.9277434943890361,23.044620246884712,1
0.019323499999996822,2.045756734534378,23.024242107431874,1
0.019324499999996823,2.1636520204268734,23.00388198817455,1
0.019325499999996824,2.167083180304053,23.11417918021562,0
0.019326499999996822,2.0485343983027935,23.13256039754622,0
0.01932749999999682,1.9299487766183585,23.14840712865578,0
0.01932849999999682,1.811352639924053,23.16172242517884,0
0.01932949999999682,1.692772376752691,23.172509898572194,0
0.01933049999999682,1.691362679185945,23.085430650872723,1
0.019331499999996817,1.8096121819956075,23.065016423166576,1
0.019332499999996818,1.9277434944078498,23.044620247568343,1
0.01933349999999682,2.045756734553584,23.024242108114837,1
0.019334499999996816,2.1636520204456517,23.003881988857028,1
0.019335499999996814,2.167083180322379,23.11417918089804,0
0.019336499999996815,2.048534398313873,23.132560398228033,0
0.019337499999996816,1.9299487766222057,23.148407129336878,0
0.019338499999996813,1.8113526399215043,23.161722425858983,0
0.01933949999999681,1.6927723767437632,23.17250989925127,0
0.01934049999999681,1.6913626791663172,23.08543065155257,1
0.019341499999996813,1.8096121819764126,23.065016423845705,1
0.01934249999999681,1.9277434943882643,23.044620248246975,1
0.019343499999996808,2.045756734533607,23.02424210879299,1
0.01934449999999681,2.163652020426102,23.003881989534477,1
0.01934549999999681,2.1670831802765873,23.11417918157601,0
0.019346499999996807,2.0485343982617743,23.132560398903998,0
0.019347499999996805,1.9299487765638303,23.148407130010714,0
0.019348499999996806,1.8113526398560609,23.161722426530616,0
0.019349499999996807,1.6927723766712843,23.172509899920612,0
0.019350499999996804,1.6913626790892928,23.0854306522249,1
0.019351499999996802,1.8096121818990543,23.065016424517523,1
0.019352499999996803,1.9277434943113934,23.04462024891812,1
0.019353499999996804,2.0457567344572225,23.02424210946345,1
0.0193544999999968,2.1636520203493848,23.00388199020443,1
0.0193554999999968,2.1670831802230057,23.11417918223762,0
0.0193564999999968,2.0485343982012414,23.13256039956355,0
0.0193574999999968,1.9299487764963767,23.148407130668026,0
0.0193584999999968,1.8113526397825366,23.161722427185488,0
0.019359499999996796,1.6927723765917222,23.172509900572898,0
0.019360499999996797,1.6913626790044833,23.085430652879502,1
0.019361499999996798,1.8096121818147384,23.065016425171454,1
0.019362499999996795,1.9277434942267526,23.044620249571533,1
0.019363499999996793,2.0457567343722585,23.024242110116376,1
0.019364499999996794,2.163652020264915,23.003881990856705,1
0.019365499999996795,2.1670831801125017,23.114179182886627,0
0.019366499999996793,2.0485343980848034,23.132560400209183,0
0.01936749999999679,1.9299487763740453,23.148407131310215,0
0.01936849999999679,1.8113526396535338,23.161722427824177,0
0.019369499999996792,1.6927723764560945,23.17250990120792,0
0.01937049999999679,1.6913626788645575,23.085430653519882,1
0.019371499999996787,1.8096121816745427,23.065016425811358,1
0.019372499999996788,1.9277434940871072,23.04462025021081,1
0.01937349999999679,2.045756734233162,23.024242110754997,1
0.019374499999996787,2.1636520201255487,23.00388199149483,1
0.019375499999996784,2.1670831799965065,23.114179183512647,0
0.019376499999996785,2.048534397962288,23.132560400831892,0
0.019377499999996786,1.9299487762450507,23.148407131929442,0
0.019378499999996784,1.8113526395189288,23.161722428439692,0
0.01937949999999678,1.6927723763159221,23.17250990181964,0
0.019380499999996782,1.6913626787194058,23.085430654136385,1
0.019381499999996783,1.8096121815299442,23.06501642642725,1
0.01938249999999678,1.9277434939422422,23.04462025082623,1
0.01938349999999678,2.0457567340880294,23.024242111369958,1
0.01938449999999678,2.163652019980969,23.00388199210915,1
0.01938549999999678,2.167083179826149,23.114179184120044,0
0.019386499999996778,2.0485343977864887,23.132560401434723,0
0.019387499999996775,1.929948776063862,23.148407132527616,0
0.019388499999996776,1.8113526393315826,23.16172242903317,0
0.019389499999996777,1.6927723761224729,23.172509902408297,0
0.019390499999996775,1.6913626785219575,23.085430654732736,1
0.019391499999996772,1.809612181332284,23.065016427023107,1
0.019392499999996773,1.9277434937451896,23.04462025142149,1
0.019393499999996774,2.0457567338915856,23.024242111964625,1
0.019394499999996772,2.1636520197843137,23.003881992703388,1
0.01939549999999677,2.167083179653161,23.11417918469897,0
0.01939649999999677,2.0485343976075163,23.1325604020092,0
0.01939749999999677,1.9299487758789606,23.14840713309749,0
0.01939849999999677,1.8113526391416306,23.161722429598225,0
0.019399499999996767,1.6927723759275293,23.172509902968446,0
0.019400499999996768,1.6913626783223596,23.085430655299756,1
0.01940149999999677,1.8096121811332948,23.065016427589583,1
0.019402499999996766,1.92774349354599,23.044620251987553,1
0.019403499999996764,2.045756733692175,23.024242112530267,1
0.019404499999996765,2.16365201958551,23.003881993268447,1
0.019405499999996766,2.1670831794288934,23.114179185253803,0
0.019406499999996763,2.048534397378397,23.132560402558386,0
0.01940749999999676,1.929948775645054,23.14840713364095,0
0.01940849999999676,1.8113526389021757,23.161722430136006,0
0.019409499999996763,1.6927723756825939,23.172509903500433,0
0.01941049999999676,1.691362678073768,23.085430655841584,1
0.019411499999996758,1.8096121808845431,23.065016428130985,1
0.01941249999999676,1.9277434932978952,23.044620252528382,1
0.01941349999999676,2.0457567334447377,23.02424211307052,1
0.019414499999996757,2.1636520193379116,23.00388199380831,1
0.019415499999996755,2.167083179205287,23.11417918577537,0
0.019416499999996756,2.0485343971494463,23.132560403074535,0
0.019417499999996757,1.92994877541082,23.14840713415157,0
0.019418499999996754,1.8113526386635463,23.161722430640896,0
0.019419499999996752,1.6927723754396342,23.17250990399946,0
0.019420499999996753,1.691362677830922,23.085430656348816,1
0.019421499999996754,1.80961218064235,23.065016428637737,1
0.01942249999999675,1.9277434930555353,23.04462025303476,1
0.01942349999999675,2.0457567332022095,23.024242113576516,1
0.01942449999999675,2.1636520190960358,23.003881994313776,1
0.01942549999999675,2.1670831789633374,23.114179186265297,0
0.01942649999999675,2.048534396903317,23.13256040355855,0
0.019427499999996746,1.9299487751605762,23.148407134629586,0
0.019428499999996747,1.8113526384084306,23.161722431112914,0
0.019429499999996748,1.6927723751797132,23.17250990446544,0
0.019430499999996746,1.6913626775624768,23.08543065682546,1
0.019431499999996743,1.809612180373762,23.065016429114007,1
0.019432499999996744,1.9277434927876258,23.04462025351051,1
0.019433499999996745,2.0457567329349793,23.02424211405182,1
0.019434499999996743,2.1636520188286634,23.00388199478873,1
0.01943549999999674,2.167083178671851,23.114179186726037,0
0.01943649999999674,2.048534396607176,23.13256040401252,0
0.019437499999996742,1.9299487748598563,23.14840713507667,0
0.01943849999999674,1.8113526381040348,23.161722431552935,0
0.019439499999996737,1.6927723748717203,23.172509904898334,0
0.019440499999996738,1.691362677250568,23.085430657270905,1
0.01944149999999674,1.8096121800625753,23.065016429558987,1
0.019442499999996737,1.92774349247634,23.04462025395519,1
0.019443499999996734,2.045756732623594,23.024242114496122,1
0.019444499999996735,2.163652018517999,23.003881995232547,1
0.019445499999996736,2.167083178384902,23.1141791871479,0
0.019446499999996734,2.0485343963167773,23.1325604044276,0
0.01944749999999673,1.9299487745660855,23.148407135484938,0
0.019448499999996732,1.8113526378061435,23.161722431954406,0
0.019449499999996733,1.6927723745697816,23.172509905292927,0
0.01945049999999673,1.691362676945754,23.08543065767658,1
0.01945149999999673,1.809612179757656,23.06501642996437,1
0.01945249999999673,1.9277434921721368,23.04462025436014,1
0.01945349999999673,2.0457567323201045,23.024242114900666,1
0.019454499999996728,2.1636520182144006,23.003881995636814,1
0.019455499999996725,2.1670831780575797,23.114179187535676,0
0.019456499999996726,2.048534395985575,23.1325604048079,0
0.019457499999996727,1.9299487742310841,23.148407135857724,0
0.019458499999996725,1.811352637468249,23.161722432319515,0
0.019459499999996722,1.6927723742290792,23.172509905650337,0
0.019460499999996723,1.6913626766015553,23.08543065804784,1
0.019461499999996724,1.8096121794142102,23.065016430335213,1
0.019462499999996722,1.9277434918286227,23.044620254730717,1
0.01946349999999672,2.045756731976525,23.024242115270994,1
0.01946449999999672,2.1636520178715766,23.00388199600674,1
0.01946549999999672,2.1670831777388755,23.11417918788187,0
0.01946649999999672,2.0485343956642206,23.132560405146815,0
0.019467499999996717,1.9299487739071555,23.14840713618928,0
0.019468499999996718,1.8113526371410011,23.1617224326438,0
0.01946949999999672,1.6927723738985927,23.172509905967235,0
0.019470499999996716,1.6913626762686198,23.08543065837704,1
0.019471499999996714,1.8096121790812005,23.06501643066421,1
0.019472499999996715,1.9277434914963552,23.04462025505935,1
0.019473499999996716,2.045756731644997,23.02424211559927,1
0.019474499999996713,2.1636520175399707,23.003881996334794,1
0.01947549999999671,2.16708317738395,23.114179188191965,0
0.01947649999999671,2.048534395306223,23.132560405449023,0
0.019477499999996713,1.929948773546173,23.148407136483552,0
0.01947849999999671,1.8113526367779442,23.161722432929903,0
0.019479499999996708,1.692772373533548,23.172509906245217,0
0.01948049999999671,1.6913626759005076,23.085430658669846,1
0.01948149999999671,1.8096121787138657,23.06501643095671,1
0.019482499999996707,1.9277434911289777,23.044620255351692,1
0.019483499999996705,2.0457567312775806,23.024242115891415,1
0.019484499999996706,2.1636520171733276,23.003881996626642,1
0.019485499999996707,2.1670831770418326,23.114179188458653,0
0.019486499999996704,2.0485343949622763,23.132560405707988,0
0.019487499999996702,1.9299487732004752,23.14840713673479,0
0.019488499999996703,1.8113526364297579,23.161722433173537,0
0.019489499999996704,1.6927723731829558,23.172509906481153,0
0.0194904999999967,1.6913626755478932,23.08543065891899,1
0.0194914999999967,1.8096121783611931,23.06501643120568,1
0.0194924999999967,1.9277434907770672,23.044620255600368,1
0.0194934999999967,2.04575673092643,23.02424211613978,1
0.0194944999999967,2.1636520168221223,23.00388199687484,1
0.019495499999996696,2.167083176667716,23.1141791886878,0
0.019496499999996697,2.0485343945859227,23.132560405928945,0
0.019497499999996698,1.9299487728219744,23.14840713694749,0
0.019498499999996696,1.8113526360500156,23.161722433377875,0
0.019499499999996693,1.6927723728020627,23.172509906677107,0
0.019500499999996694,1.691362675168778,23.085430659129806,1
0.019501499999996695,1.8096121779828673,23.065016431416236,1
0.019502499999996693,1.927743490398711,23.044620255810806,1
0.01950349999999669,2.045756730548042,23.02424211635011,1
0.01950449999999669,2.163652016444521,23.003881997084928,1
0.019505499999996692,2.1670831762916585,23.114179188874765,0
0.01950649999999669,2.0485343942088745,23.132560406107643,0
0.019507499999996687,1.9299487724440192,23.148407137117918,0
0.019508499999996688,1.8113526356704215,23.161722433540092,0
0.01950949999999669,1.6927723724209156,23.1725099068311,0
0.019510499999996687,1.6913626747808137,23.085430659299536,1
0.019511499999996684,1.8096121775948826,23.065016431585885,1
0.019512499999996685,1.9277434900115225,23.044620255980224,1
0.019513499999996686,2.0457567301616493,23.024242116519307,1
0.019514499999996684,2.163652016058104,23.003881997254034,1
0.01951549999999668,2.1670831759312086,23.114179189017474,0
0.019516499999996682,2.0485343938470284,23.13256040624256,0
0.019517499999996683,1.9299487720808641,23.148407137245044,0
0.01951849999999668,1.8113526353068623,23.161722433659307,0
0.01951949999999668,1.692772372057037,23.172509906942416,0
0.01952049999999668,1.6913626744147332,23.08543065942474,1
0.01952149999999668,1.809612177229577,23.065016431710916,1
0.019522499999996678,1.9277434896461743,23.044620256105233,1
0.019523499999996675,2.0457567297962584,23.024242116644288,1
0.019524499999996676,2.1636520156934873,23.00388199737884,1
0.019525499999996677,2.167083175543468,23.114179189122726,0
0.019526499999996675,2.048534393459128,23.132560406339387,0
0.019527499999996673,1.9299487716928896,23.14840713733346,0
0.019528499999996674,1.8113526349180789,23.161722433739378,0
0.019529499999996675,1.692772371667529,23.172509907014177,0
0.019530499999996672,1.691362674024054,23.08543065951245,1
0.01953149999999667,1.8096121768388775,23.065016431798618,1
0.01953249999999667,1.9277434892562741,23.04462025619277,1
0.01953349999999667,2.0457567294071564,23.024242116731706,1
0.01953449999999667,2.163652015304365,23.003881997466262,1
0.019535499999996667,2.1670831751807245,23.114179189183687,0
0.019536499999996668,2.0485343930958138,23.132560406392667,0
0.01953749999999667,1.9299487713290835,23.148407137379028,0
0.019538499999996666,1.8113526345546824,23.161722433777186,0
0.019539499999996664,1.6927723713046257,23.1725099070442,0
0.019540499999996665,1.6913626736593572,23.08543065955641,1
0.019541499999996666,1.809612176474956,23.06501643184247,1
0.019542499999996663,1.9277434888923073,23.044620256236676,1
0.01954349999999666,2.045756729043144,23.024242116775646,1
0.019544499999996662,2.163652014941124,23.00388199751008,1
0.019545499999996663,2.1670831747947443,23.114179189208148,0
0.01954649999999666,2.048534392710475,23.13256040640881,0
0.019547499999996658,1.9299487709444745,23.148407137386982,0
0.01954849999999666,1.8113526341700639,23.161722433777065,0
0.01954949999999666,1.6927723709200826,23.172509907036023,0
0.019550499999996657,1.691362673274039,23.08543065956399,1
0.019551499999996655,1.809612176089612,23.06501643185014,1
0.019552499999996656,1.927743488507757,23.044620256244276,1
0.019553499999996657,2.045756728659389,23.024242116783125,1
0.019554499999996654,2.163652014557345,23.003881997517663,1
0.019555499999996652,2.1670831744377166,23.114179189189738,0
0.019556499999996653,2.0485343923536625,23.13256040638299,0
0.019557499999996654,1.9299487705879497,23.14840713735367,0
0.01955849999999665,1.8113526338147277,23.16172243373621,0
0.01955949999999665,1.6927723705660118,23.17250990698764,0
0.01956049999999665,1.691362672918563,23.085430659529262,1
0.01956149999999665,1.8096121757349022,23.065016431815334,1
0.01956249999999665,1.9277434881529942,23.04462025620956,1
0.019563499999996646,2.045756728304569,23.02424211674852,1
0.019564499999996647,2.1636520142032887,23.003881997482978,1
0.019565499999996648,2.1670831740613052,23.11417918913635,0
0.019566499999996646,2.048534391978659,23.132560406321666,0
0.019567499999996643,1.9299487702144336,23.148407137284458,0
0.019568499999996644,1.8113526334419607,23.161722433659246,0
0.019569499999996645,1.692772370194073,23.172509906902967,0
0.019570499999996643,1.69136267254622,23.085430659459956,1
0.01957149999999664,1.80961217536252,23.065016431746173,1
0.01957249999999664,1.9277434877813908,23.044620256140398,1
0.019573499999996642,2.045756727933751,23.024242116679364,1
0.01957449999999664,2.163652013832433,23.003881997413966,1
0.019575499999996637,2.167083173717553,23.114179189042126,0
0.019576499999996638,2.04853439163586,23.132560406220357,0
0.01957749999999664,1.9299487698726627,23.148407137176093,0
0.019578499999996637,1.8113526331021113,23.161722433543765,0
0.019579499999996634,1.6927723698562163,23.172509906780427,0
0.019580499999996635,1.6913626722073114,23.08543065935059,1
0.019581499999996636,1.8096121750243597,23.06501643163683,1
0.019582499999996634,1.9277434874431605,23.044620256031223,1
0.01958349999999663,2.045756727595448,23.024242116570345,1
0.019584499999996632,2.163652013494876,23.003881997304948,1
0.019585499999996633,2.1670831733579727,23.114179188915422,0
0.01958649999999663,2.048534391278398,23.132560406086156,0
0.01958749999999663,1.9299487695173978,23.148407137034475,0
0.01958849999999663,1.8113526327482927,23.16172243339486,0
0.01958949999999663,1.6927723695039192,23.172509906624274,0
0.019590499999996628,1.6913626718593653,23.085430659208473,1
0.019591499999996626,1.809612174676353,23.06501643149491,1
0.019592499999996627,1.9277434870959105,23.044620255889328,1
0.019593499999996628,2.0457567272489525,23.024242116428525,1
0.019594499999996625,2.163652013148319,23.003881997163347,1
0.019595499999996623,2.167083173015428,23.11417918875279,0
0.019596499999996624,2.048534390937492,23.132560405916593,0
0.019597499999996625,1.9299487691781978,23.14840713685801,0
0.019598499999996622,1.8113526324116909,23.161722433211512,0
0.01959949999999662,1.6927723691699843,23.172509906434072,0
0.01960049999999662,1.6913626715194725,23.08543065903248,1
0.01960149999999662,1.8096121743372093,23.06501643131899,1
0.01960249999999662,1.9277434867566958,23.044620255713625,1
0.019603499999996617,2.0457567269096675,23.02424211625301,1
0.019604499999996618,2.163652012809783,23.003881996987893,1
0.01960549999999662,2.1670831727036473,23.114179188554367,0
0.019606499999996616,2.048534390628492,23.132560405711793,0
0.019607499999996614,1.9299487688720367,23.148407136646924,0
0.019608499999996615,1.8113526321076079,23.161722432994267,0
0.019609499999996616,1.692772368868043,23.17250990621073,0
0.019610499999996613,1.6913626712177714,23.085430658820872,1
0.01961149999999661,1.8096121740353983,23.065016431107622,1
0.019612499999996612,1.9277434864555971,23.044620255502412,1
0.019613499999996613,2.0457567266092793,23.024242116041922,1
0.01961449999999661,2.1636520125092855,23.003881996777046,1
0.019615499999996608,2.1670831723823856,23.114179188328116,0
0.01961649999999661,2.048534390309472,23.13256040547921,0
0.01961749999999661,1.9299487685553247,23.148407136407997,0
0.019618499999996607,1.8113526317940873,23.161722432748967,0
0.019619499999996605,1.6927723685577771,23.172509905959146,0
0.019620499999996606,1.6913626709070564,23.08543065858245,1
0.019621499999996607,1.8096121737254043,23.06501643086937,1
0.019622499999996604,1.9277434861455016,23.044620255264427,1
0.019623499999996602,2.045756726299083,23.02424211580424,1
0.019624499999996603,2.1636520121998086,23.003881996539537,1
0.019625499999996604,2.1670831720999217,23.11417918806947,0
0.0196264999999966,2.048534390030351,23.132560405214857,0
0.0196274999999966,1.9299487682796024,23.148407136138097,0
0.0196284999999966,1.8113526315209951,23.161722432473688,0
0.0196294999999966,1.6927723682873688,23.172509905678513,0
0.0196304999999966,1.6913626706371427,23.085430658312266,1
0.019631499999996596,1.8096121734553505,23.065016430599485,1
0.019632499999996597,1.9277434858761289,23.044620254994715,1
0.019633499999996598,2.045756726030389,23.02424211553469,1
0.019634499999996596,2.1636520119309752,23.003881996270287,1
0.019635499999996593,2.167083171810573,23.114179187786675,0
0.019636499999996594,2.048534389743772,23.13256040492646,0
0.019637499999996595,1.9299487679958476,23.148407135844096,0
0.019638499999996593,1.8113526312409438,23.161722432174024,0
0.01963949999999659,1.6927723680110733,23.17250990537334,0
0.01964049999999659,1.6913626703606315,23.085430658019053,1
0.019641499999996592,1.8096121731795263,23.06501643030645,1
0.01964249999999659,1.92774348560017,23.04462025470197,1
0.019643499999996587,2.0457567257542966,23.024242115242256,1
0.01964449999999659,2.1636520116555618,23.003881995978034,1
0.01964549999999659,2.1670831715623944,23.114179187475425,0
0.019646499999996587,2.0485343894994164,23.132560404610363,0
0.019647499999996584,1.9299487677553637,23.148407135523282,0
0.019648499999996585,1.811352631003552,23.16172243184868,0
0.019649499999996586,1.6927723677768187,23.172509905043494,0
0.019650499999996584,1.6913626701270823,23.085430657698296,1
0.01965149999999658,1.809612172945801,23.065016429986066,1
0.019652499999996582,1.9277434853670878,23.044620254381822,1
0.019653499999996583,2.045756725521858,23.02424211492231,1
0.01965449999999658,2.1636520114229514,23.003881995658453,1
0.01965549999999658,2.167083171309459,23.11417918714462,0
0.01965649999999658,2.048534389249689,23.13256040427477,0
0.01965749999999658,1.9299487675088833,23.14840713518294,0
0.019658499999996578,1.8113526307611916,23.161722431503613,0
0.019659499999996576,1.692772367538621,23.172509904693822,0
0.019660499999996577,1.6913626698888435,23.085430657359076,1
0.019661499999996578,1.8096121727082095,23.065016429647066,1
0.019662499999996575,1.9277434851293247,23.044620254043195,1
0.019663499999996573,2.045756725283922,23.024242114584045,1
0.019664499999996574,2.1636520111856603,23.00388199532041,1
0.019665499999996575,2.1670831710995797,23.114179186789862,0
0.019666499999996572,2.04853438904402,23.132560403916024,0
0.01966749999999657,1.929948767307469,23.148407134820314,0
0.01966849999999657,1.811352630563237,23.16172243113728,0
0.01966949999999657,1.6927723673441617,23.172509904323846,0
0.01967049999999657,1.6913626696996593,23.085430656996184,1
0.019671499999996567,1.8096121725188041,23.06501642928458,1
0.019672499999996568,1.9277434849405173,23.044620253680954,1
0.01967349999999657,2.045756725095715,23.024242114222094,1
0.019674499999996566,2.163652010997235,23.00388199495885,1
0.019675499999996564,2.16708317091601,23.11417918641704,0
0.019676499999996565,2.048534388863991,23.132560403539916,0
0.019677499999996566,1.9299487671310047,23.148407134441012,0
0.019678499999996563,1.8113526303911947,23.161722430754768,0
0.01967949999999656,1.6927723671765684,23.172509903938266,0
0.019680499999996562,1.6913626695269166,23.08543065661852,1
0.019681499999996563,1.809612172346643,23.065016428907168,1
0.01968249999999656,1.9277434847681192,23.04462025330394,1
0.019683499999996558,2.045756724923079,23.024242113845457,1
0.01968449999999656,2.16365201082518,23.00388199458246,1
0.01968549999999656,2.167083170723015,23.114179186033226,0
0.019686499999996557,2.0485343886754794,23.132560403152535,0
0.019687499999996555,1.9299487669470097,23.148407134050178,0
0.019688499999996556,1.8113526302109213,23.161722430360648,0
0.019689499999996557,1.692772367000048,23.17250990354094,0
0.019690499999996555,1.6913626693513544,23.08543065622912,1
0.019691499999996552,1.8096121721708487,23.065016428518195,1
0.019692499999996553,1.9277434845929116,23.044620252915248,1
0.019693499999996554,2.045756724748453,23.024242113457063,1
0.01969449999999655,2.1636520106503196,23.0038819941945,1
0.01969549999999655,2.1670831705765345,23.11417918563232,0
0.01969649999999655,2.0485343885327696,23.13256040274921,0
0.01969749999999655,1.9299487668080917,23.1484071336445,0
0.01969849999999655,1.81135263007664,23.161722429952626,0
0.019699499999996546,1.6927723668704218,23.17250990313067,0
0.019700499999996547,1.6913626692218993,23.08543065582416,1
0.019701499999996548,1.8096121720419311,23.06501642811352,1
0.019702499999996546,1.9277434844637134,23.044620252511027,1
0.019703499999996543,2.0457567246189776,23.024242113053283,1
0.019704499999996544,2.163652010521382,23.003881993791012,1
0.019705499999996545,2.167083170426728,23.114179185224064,0
0.019706499999996543,2.0485343883876395,23.132560402338303,0
0.01970749999999654,1.929948766667657,23.148407133231064,0
0.01970849999999654,1.8113526299400973,23.16172242953689,0
0.019709499999996542,1.6927723667377916,23.172509902712687,0
0.01971049999999654,1.691362669090285,23.085430655412427,1
0.019711499999996537,1.8096121719100402,23.065016427702243,1
0.01971249999999654,1.9277434843323644,23.04462025210003,1
0.01971349999999654,2.0457567244881676,23.02424211264254,1
0.019714499999996537,2.163652010390296,23.00388199338071,1
0.019715499999996534,2.1670831703240685,23.114179184803458,0
0.019716499999996535,2.048534388288895,23.13256040191623,0
0.019717499999996536,1.9299487665728396,23.14840713280758,0
0.019718499999996534,1.8113526298500409,23.16172242911197,0
0.01971949999999653,1.6927723666525036,23.17250990228647,0
0.019720499999996532,1.6913626690051986,23.085430654989665,1
0.019721499999996533,1.8096121718254483,23.065016427279776,1
0.01972249999999653,1.9277434842474455,23.044620251677976,1
0.01972349999999653,2.045756724402924,23.024242112220968,1
0.01972449999999653,2.1636520103055465,23.003881992959414,1
0.01972549999999653,2.167083170218471,23.114179184379946,0
0.019726499999996528,2.048534388188069,23.132560401491055,0
0.019727499999996526,1.9299487664767954,23.14840713238086,0
0.019728499999996527,1.811352629757965,23.16172242868388,0
0.019729499999996528,1.6927723665644083,23.172509901857108,0
0.019730499999996525,1.6913626689181254,23.085430654564874,1
0.019731499999996523,1.8096121717380511,23.06501642685542,1
0.019732499999996524,1.927743484160547,23.04462025125394,1
0.019733499999996525,2.045756724316523,23.024242111797204,1
0.019734499999996522,2.1636520102188217,23.003881992536094,1
0.01973549999999652,2.167083170160187,23.114179183948917,0
0.01973649999999652,2.0485343881337488,23.132560401059482,0
0.01973749999999652,1.9299487664264416,23.148407131948826,0
0.01973849999999652,1.8113526297124012,23.161722428251412,0
0.019739499999996517,1.6927723665236307,23.17250990142426,0
0.019740499999996518,1.6913626688775354,23.085430654133802,1
0.01974149999999652,1.8096121716979132,23.065016426424634,1
0.019742499999996516,1.927743484120038,23.04462025082361,1
0.019743499999996514,2.045756724275647,23.024242111367318,1
0.019744499999996515,2.163652010178396,23.003881992106542,1
0.019745499999996516,2.1670831700988917,23.114179183519983,0
0.019746499999996513,2.048534388077224,23.132560400629863,0
0.01974749999999651,1.9299487663746906,23.14840713151863,0
0.019748499999996512,1.8113526296645999,23.161722427820806,0
0.019749499999996513,1.6927723664797798,23.172509900993326,0
0.01975049999999651,1.6913626688346628,23.085430653705668,1
0.019751499999996508,1.8096121716546718,23.065016425996966,1
0.01975249999999651,1.9277434840772498,23.044620250396257,1
0.01975349999999651,2.045756724233307,23.02424211094034,1
0.019754499999996507,2.1636520101356855,23.00388199168,1
0.019755499999996505,2.167083170084578,23.114179183088446,0
0.019756499999996506,2.0485343880668268,23.132560400198713,0
0.019757499999996507,1.9299487663681996,23.148407131087943,0
0.019758499999996505,1.811352629662831,23.161722427390565,0
0.019759499999996502,1.6927723664827212,23.172509900563664,0
0.019760499999996503,1.6913626688421386,23.08543065327535,1
0.019761499999996504,1.8096121716625522,23.065016425566956,1
0.0197624999999965,1.9277434840847123,23.04462024996672,1
0.0197634999999965,2.0457567242403534,23.024242110511196,1
0.0197644999999965,2.163652010143135,23.003881991251173,1
0.0197654999999965,2.167083170096146,23.11417918266025,0
0.0197664999999965,2.048534388083073,23.132560399771325,0
0.019767499999996496,1.9299487663891064,23.14840713066148,0
0.019768499999996497,1.811352629687559,23.16172242696525,0
0.019769499999996498,1.6927723665112557,23.17250990013952,0
0.019770499999996496,1.6913626688663213,23.085430652851528,1
0.019771499999996493,1.8096121716862992,23.06501642514358,1
0.019772499999996494,1.9277434841088448,23.04462024954362,1
0.019773499999996495,2.0457567242648724,23.024242110088426,1
0.019774499999996493,2.163652010167223,23.00388199082887,1
0.01977549999999649,2.167083170100069,23.11417918224228,0
0.01977649999999649,2.04853438809075,23.1325603993541,0
0.019777499999996492,1.9299487664005306,23.148407130245076,0
0.01977849999999649,1.811352629703538,23.161722426549623,0
0.019779499999996487,1.6927723665317738,23.172509899724822,0
0.01978049999999649,1.691362668886845,23.085430652437168,1
0.01978149999999649,1.8096121717072104,23.06501642472954,1
0.019782499999996487,1.927743484129326,23.044620249130045,1
0.019783499999996484,2.045756724284922,23.024242109675253,1
0.019784499999996485,2.1636520101876577,23.003881990415973,1
0.019785499999996486,2.167083170147921,23.11417918182817,0
0.019786499999996484,2.048534388143087,23.132560398941553,0
0.01978749999999648,1.929948766457334,23.148407129834233,0
0.019788499999996483,1.811352629763964,23.161722426140653,0
0.019789499999996484,1.6927723665957983,23.172509899317788,0
0.01979049999999648,1.6913626689516346,23.085430652027704,1
0.01979149999999648,1.8096121717715266,23.065016424320465,1
0.01979249999999648,1.9277434841939873,23.04462024872127,1
0.01979349999999648,2.0457567243499275,23.02424210926681,1
0.019794499999996478,2.1636520102521892,23.00388199000796,1
0.019795499999996476,2.1670831701921647,23.11417918142685,0
0.019796499999996477,2.048534388190873,23.13256039854185,0
0.019797499999996478,1.929948766508637,23.14840712943615,0
0.019798499999996475,1.8113526298195888,23.16172242574421,0
0.019799499999996473,1.6927723666557226,23.172509898923057,0
0.019800499999996474,1.6913626690114174,23.08543065163177,1
0.019801499999996475,1.8096121718316611,23.065016423924853,1
0.019802499999996472,1.927743484253652,23.04462024832603,1
0.01980349999999647,2.0457567244091264,23.02424210887197,1
0.01980449999999647,2.1636520103117416,23.003881989613415,1
0.019805499999996472,2.1670831702789997,23.114179181033567,0
0.01980649999999647,2.0485343882819436,23.132560398150964,0
0.019807499999996467,1.929948766603913,23.148407129047722,0
0.019808499999996468,1.811352629918214,23.161722425358423,0
0.01980949999999647,1.6927723667576675,23.17250989853996,0
0.019810499999996466,1.6913626691139643,23.085430651244693,1
0.019811499999996464,1.8096121719336933,23.06501642353818,1
0.019812499999996465,1.927743484355993,23.044620247939637,1
0.019813499999996466,2.0457567245117705,23.024242108485808,1
0.019814499999996463,2.1636520104138723,23.003881989227647,1
0.01981549999999646,2.167083170360684,23.114179180656695,0
0.019816499999996462,2.0485343883668814,23.13256039777639,0
0.019817499999996463,1.9299487666920758,23.148407128675565,0
0.01981849999999646,1.8113526300103922,23.1617224249886,0
0.019819499999996458,1.6927723668538335,23.17250989817261,0
0.01982049999999646,1.69136266920981,23.085430650874695,1
0.01982149999999646,1.8096121720298555,23.065016423168405,1
0.019822499999996458,1.9277434844516481,23.044620247570265,1
0.019823499999996455,2.045756724606923,23.02424210811682,1
0.019824499999996456,2.1636520105093395,23.003881988858907,1
0.019825499999996457,2.167083170483261,23.114179180291405,0
0.019826499999996455,2.0485343884933642,23.132560397414206,0
0.019827499999996452,1.929948766822427,23.14840712831655,0
0.019828499999996453,1.8113526301437561,23.161722424632952,0
0.019829499999996454,1.6927723669901689,23.17250989782033,0
0.01983049999999645,1.6913626693465589,23.085430650517143,1
0.01983149999999645,1.8096121721660565,23.065016422811244,1
0.01983249999999645,1.9277434845881232,23.04462024721336,1
0.01983349999999645,2.0457567247436694,23.024242107760184,1
0.01983449999999645,2.163652010645538,23.003881988502645,1
0.019835499999996446,2.167083170598823,23.114179179945996,0
0.019836499999996447,2.0485343886118206,23.13256039707181,0
0.019837499999996448,1.929948766943747,23.148407127977237,0
0.019838499999996446,1.8113526302687248,23.161722424296663,0
0.019839499999996443,1.69277236711875,23.172509897487146,0
0.019840499999996444,1.6913626694746084,23.085430650179973,1
0.019841499999996445,1.8096121722943883,23.065016422474336,1
0.019842499999996443,1.9277434847159172,23.04462024687683,1
0.01984349999999644,2.045756724870928,23.024242107424055,1
0.01984449999999644,2.1636520107730823,23.003881988166754,1
0.019845499999996442,2.1670831707532847,23.114179179615423,0
0.01984649999999644,2.048534388769804,23.13256039674495,0
0.019847499999996437,1.9299487671052111,23.148407127654124,0
0.01984849999999644,1.811352630432801,23.16172242397751,0
0.01984949999999644,1.692772367285396,23.17250989717199,0
0.019850499999996437,1.6913626696458524,23.085430649857674,1
0.019851499999996434,1.8096121724650494,23.06501642215236,1
0.019852499999996435,1.9277434848868182,23.044620246555038,1
0.019853499999996436,2.0457567250420703,23.02424210710247,1
0.019854499999996434,2.163652010943642,23.00388198784554,1
0.01985549999999643,2.167083170928046,23.11417917930442,0
0.019856499999996433,2.048534388947047,23.132560396438137,0
0.019857499999996434,1.9299487672848854,23.14840712735159,0
0.01985849999999643,1.8113526306156822,23.161722423679198,0
0.01985949999999643,1.692772367471435,23.172509896877983,0
0.01986049999999643,1.6913626698258848,23.085430649557686,1
0.01986149999999643,1.8096121726453127,23.065016421852572,1
0.019862499999996428,1.9277434850664912,23.044620246255597,1
0.019863499999996426,2.0457567252211524,23.024242106803367,1
0.019864499999996427,2.163652011122955,23.003881987546624,1
0.019865499999996428,2.1670831710855643,23.114179179019008,0
0.019866499999996425,2.0485343891076337,23.132560396156453,0
0.019867499999996423,1.9299487674484994,23.148407127073643,0
0.019868499999996424,1.8113526307814594,23.16172242340512,0
0.019869499999996425,1.692772367639332,23.17250989660781,0
0.019870499999996422,1.691362669993714,23.085430649281893,1
0.01987149999999642,1.809612172812567,23.06501642157712,1
0.01987249999999642,1.9277434852339879,23.044620245980347,1
0.019873499999996422,2.0457567253888898,23.024242106528273,1
0.01987449999999642,2.163652011290116,23.003881987271825,1
0.019875499999996417,2.1670831712801064,23.114179178751666,0
0.019876499999996418,2.048534389304192,23.132560395893677,0
0.01987749999999642,1.9299487676470253,23.14840712681549,0
0.019878499999996416,1.8113526309827268,23.161722423151488,0
0.019879499999996414,1.6927723678432893,23.17250989635882,0
0.019880499999996415,1.6913626701966635,23.085430649024918,1
0.019881499999996416,1.8096121730157233,23.065016421320266,1
0.019882499999996413,1.9277434854365303,23.044620245723767,1
0.01988349999999641,2.0457567255908216,23.024242106272013,1
0.019884499999996412,2.163652011492253,23.003881987015742,1
0.019885499999996413,2.1670831714602126,23.114179178510508,0
0.01988649999999641,2.0485343894868984,23.132560395656604,0
0.019887499999996408,1.9299487678322826,23.148407126582526,0
0.01988849999999641,1.8113526311696655,23.16172242292285,0
0.01988949999999641,1.6927723680318667,23.172509896134507,0
0.019890499999996408,1.6913626703849194,23.085430648794148,1
0.019891499999996405,1.8096121732033785,23.0650164210898,1
0.019892499999996406,1.92774348562441,23.04462024549342,1
0.019893499999996407,2.0457567257789218,23.02424210604179,1
0.019894499999996405,2.163652011679755,23.00388198678579,1
0.019895499999996402,2.1670831716748538,23.11417917828921,0
0.019896499999996403,2.0485343897030726,23.13256039544025,0
0.019897499999996404,1.929948768049937,23.14840712637114,0
0.0198984999999964,1.811352631389573,23.161722422716355,0
0.0198994999999964,1.6927723682539684,23.17250989593292,0
0.0199004999999964,1.6913626706057519,23.085430648583785,1
0.0199014999999964,1.8096121734244008,23.06501642087956,1
0.0199024999999964,1.927743485844801,23.04462024528346,1
0.019903499999996396,2.0457567259986846,23.024242105832084,1
0.019904499999996397,2.1636520118997082,23.0038819865762,1
0.0199054999999964,2.167083171872537,23.114179178095487,0
0.019906499999996396,2.048534389902857,23.132560395250902,0
0.019907499999996393,1.9299487682517757,23.14840712618625,0
0.019908499999996394,1.8113526315925932,23.161722422536034,0
0.019909499999996395,1.692772368458123,23.172509895757184,0
0.019910499999996393,1.6913626708093243,23.085430648400955,1
0.01991149999999639,1.8096121736273603,23.06501642069697,1
0.01991249999999639,1.9277434860479654,23.04462024510093,1
0.019913499999996392,2.045756726202055,23.024242105649638,1
0.01991449999999639,2.163652012102467,23.003881986393953,1
0.019915499999996387,2.1670831721021893,23.11417917792273,0
0.01991649999999639,2.04853439013354,23.13256039508333,0
0.01991749999999639,1.9299487684834338,23.148407126023876,0
0.019918499999996387,1.8113526318259945,23.16172242237876,0
0.019919499999996385,1.6927723686932108,23.17250989560503,0
0.019920499999996386,1.6913626710428733,23.085430648239452,1
0.019921499999996387,1.8096121738610855,23.06501642053554,1
0.019922499999996384,1.9277434862810494,23.044620244939722,1
0.01992349999999638,2.0457567264344947,23.02424210548867,1
0.019924499999996383,2.1636520123350826,23.003881986233086,1
0.019925499999996384,2.167083172312269,23.114179177778496,0
0.01992649999999638,2.0485343903452167,23.132560394943702,0
0.01992749999999638,1.9299487686966568,23.14840712588889,0
0.01992849999999638,1.8113526320398876,23.16172242224852,0
0.01992949999999638,1.692772368907724,23.17250989547958,0
0.019930499999996378,1.6913626712609464,23.085430648105806,1
0.019931499999996376,1.8096121740785311,23.065016420402056,1
0.019932499999996377,1.9277434864986878,23.0446202448063,1
0.019933499999996378,2.0457567266523253,23.024242105355253,1
0.019934499999996375,2.163652012552287,23.003881986099838,1
0.019935499999996373,2.1670831725327107,23.114179177657956,0
0.019936499999996374,2.048534390566174,23.13256039482809,0
0.019937499999996375,1.92994876891808,23.148407125778142,0
0.019938499999996372,1.8113526322625515,23.161722422142603,0
0.01993949999999637,1.6927723691315757,23.17250989537847,0
0.01994049999999637,1.6913626714777779,23.0854306479971,1
0.019941499999996372,1.8096121742955558,23.065016420293386,1
0.01994249999999637,1.9277434867150842,23.04462024469779,1
0.019943499999996367,2.045756726868099,23.024242105246945,1
0.019944499999996368,2.163652012768253,23.003881985991594,1
0.01994549999999637,2.1670831727743596,23.114179177560096,0
0.019946499999996366,2.0485343908089138,23.132560394735417,0
0.019947499999996364,1.9299487691618566,23.148407125690717,0
0.019948499999996365,1.811352632506484,23.161722422060514,0
0.019949499999996366,1.6927723693756103,23.172509895301715,0
0.019950499999996364,1.6913626717207089,23.08543064791056,1
0.01995149999999636,1.809612174537835,23.065016420206973,1
0.019952499999996362,1.9277434869575316,23.044620244611373,1
0.019953499999996363,2.0457567271107115,23.024242105160532,1
0.01995449999999636,2.163652013010216,23.003881985905316,1
0.019955499999996358,2.167083172994243,23.114179177490833,0
0.01995649999999636,2.048534391028805,23.13256039467097,0
0.01995749999999636,1.9299487693817041,23.148407125631028,0
0.019958499999996358,1.8113526327270657,23.16172242200551,0
0.019959499999996355,1.692772369596877,23.172509895251387,0
0.019960499999996356,1.6913626719399177,23.085430647852334,1
0.019961499999996357,1.8096121747572351,23.065016420148748,1
0.019962499999996355,1.9277434871763033,23.044620244553272,1
0.019963499999996352,2.0457567273288557,23.024242105102534,1
0.019964499999996353,2.1636520132285524,23.003881985847293,1
0.019965499999996354,2.1670831732380353,23.11417917744317,0
0.019966499999996352,2.0485343912731855,23.132560394628463,0
0.01996749999999635,1.9299487696266173,23.148407125593724,0
0.01996849999999635,1.8113526329716316,23.161722421973504,0
0.01996949999999635,1.692772369841043,23.17250989522468,0
0.01997049999999635,1.6913626721827275,23.08543064781583,1
0.019971499999996346,1.8096121749993919,23.065016420112325,1
0.019972499999996347,1.927743487418626,23.044620244516828,1
0.01997349999999635,2.0457567275713444,23.02424210506605,1
0.019974499999996346,2.1636520134703905,23.003881985810896,1
0.019975499999996343,2.167083173457546,23.114179177423644,0
0.019976499999996344,2.0485343914922076,23.132560394613662,0
0.019977499999996345,1.9299487698451068,23.148407125583628,0
0.019978499999996343,1.8113526331903622,23.161722421967955,0
0.01997949999999634,1.6927723700599635,23.172509895223698,0
0.01998049999999634,1.6913626723993465,23.085430647807005,1
0.019981499999996342,1.8096121752162035,23.065016420103458,1
0.01998249999999634,1.9277434876348118,23.044620244508014,1
0.019983499999996338,2.045756727786906,23.02424210505732,1
0.01998449999999634,2.1636520136861432,23.003881985802106,1
0.01998549999999634,2.1670831736985203,23.114179177424983,0
0.019986499999996337,2.0485343917332828,23.132560394620025,0
0.019987499999996335,1.9299487700862286,23.148407125595064,0
0.019988499999996336,1.811352633430656,23.16172242198453,0
0.019989499999996337,1.6927723702993775,23.172509895245362,0
0.019990499999996334,1.6913626726371622,23.085430647818967,1
0.01999149999999633,1.8096121754533705,23.065016420115466,1
0.019992499999996333,1.927743487872151,23.044620244519955,1
0.019993499999996334,2.045756728024417,23.024242105069195,1
0.01999449999999633,2.1636520139230093,23.003881985814054,1
0.01999549999999633,2.1670831739128213,23.11417917745355,0
0.01999649999999633,2.048534391946624,23.13256039465316,0
0.01999749999999633,1.9299487702985634,23.148407125632698,0
0.019998499999996328,1.8113526336427617,23.161722422026553,0
0.019999499999996326,1.6927723705112068,23.1725098952918,0
